#TITLE,KEY,VALUE,ALT VALUE,SWMH,,,,,,,,,,x
e_scandinavia,e_scandinavia,,,Nordmannia,,,,,,,,,,x
e_scandinavia,e_scandinavia_adj,,,Nordmannian,,,,,,,,,,x
e_scandinavia,anglonorse,,,Norðurríki,,,,,,,,,,x
e_scandinavia,danish,,,Norðurríki,,,,,,,,,,x
e_scandinavia,e_scandinavia_adj_danish,,,Norðr,,,,,,,,,,x
e_scandinavia,gothic,,,Norðurríki,,,,,,,,,,x
e_scandinavia,e_scandinavia_adj_gothic,,,Norðr,,,,,,,,,,x
e_scandinavia,greek,,,Thule,,,,,,,,,,x
e_scandinavia,icelandic,,,Norðurríki,,,,,,,,,,x
e_scandinavia,e_scandinavia_adj_icelandic,,,Norðr,,,,,,,,,,x
e_scandinavia,norse,,,Norðurríki,,,,,,,,,,x
e_scandinavia,e_scandinavia_adj_norse,,,Norðr,,,,,,,,,,x
e_scandinavia,norsegaelic,,,Norðurríki,,,,,,,,,,x
e_scandinavia,norwegian,,,Norðurríki,,,,,,,,,,x
e_scandinavia,e_scandinavia_adj_norwegian,,,Norðr,,,,,,,,,,x
e_scandinavia,swedish,,,Norðurríki,,,,,,,,,,x
e_scandinavia,e_scandinavia_adj_swedish,,,Norðr,,,,,,,,,,x
k_denmark,k_denmark,,,Danmark,,,,,,,,,,x
k_denmark,k_denmark_adj,,,Danskr,,,,,,,,,,x
k_denmark,anglonorse,,,Danmörk,,,,,,,,,,x
k_denmark,gothic,,,Danmörk,,,,,,,,,,x
k_denmark,icelandic,,,Danmörk,,,,,,,,,,x
k_denmark,norse,,,Danmörk,,,,,,,,,,x
k_denmark,norsegaelic,,,Danmörk,,,,,,,,,,x
k_denmark,norwegian,,,Danmörk,,,,,,,,,,x
k_denmark,saxon,,,Denemearc,,,,,,,,,,x
k_denmark,swedish,,,Danmörk,,,,,,,,,,x
d_skane,d_skane,,,Skaane,,,,,,,,,,x
d_skane,d_skane_adj,,,Skaanske,,,,,,,,,,x
d_skane,saxon,,,Sconeg,,,,,,,,,,x
c_skane,PROV303,,,Væstær Skane,,,,,,,,,,x
c_skane,c_skane,,,,,,,,,,,,,x
c_skane,c_skane_adj,,,Væstær Skanskr,,,,,,,,,,x
b_bollerup,b_bollerup,,,Bullathorp,,,,,,,,,,x
b_bollerup,b_bollerup_adj,,,,,,,,,,,,,x
b_skaneor,b_skaneor,,,Scanør,,,,,,,,,,x
b_skaneor,b_skaneor_adj,,,,,,,,,,,,,x
b_malmo,b_malmo,,,Malmoghe,,,,,,,,,,x
b_malmo,b_malmo_adj,,,,,,,,,,,,,x
b_lund,b_lund,,,Lund,,,,,,,,,,x
b_lund,b_lund_adj,,,,,,,,,,,,,x
b_trelleborg,b_trelleborg,,,Threlæburgh,,,,,,,,,,x
b_trelleborg,b_trelleborg_adj,,,,,,,,,,,,,x
b_borgeby,b_borgeby,,,Borbi,,,,,,,,,,x
b_borgeby,b_borgeby_adj,,,,,,,,,,,,,x
b_lomma,b_lomma,,,Lummæ,,,,,,,,,,x
b_lomma,b_lomma_adj,,,,,,,,,,,,,x
b_lomma,norse,,,Lomabyr,,,,,,,,,,x
c_northern_skane,PROV1310,,,Nørræ Skane,,,,,,,,,,x
c_northern_skane,c_northern_skane,,,,,,,,,,,,,x
c_northern_skane,c_northern_skane_adj,,,Nørræ Skanskr,,,,,,,,,,x
b_tomarp,b_tomarp,,,Tummethorp,,,,,,,,,,x
b_tomarp,b_tomarp_adj,,,,,,,,,,,,,x
b_helsingborg,b_helsingborg,,,Hælsyngburgh,,,,,,,,,,x
b_helsingborg,b_helsingborg_adj,,,,,,,,,,,,,x
b_helsingborg,norse,,,Helsingaborg,,,,,,,,,,x
b_krapperup,b_krapperup,,,Krappathorp,,,,,,,,,,x
b_krapperup,b_krapperup_adj,,,,,,,,,,,,,x
c_eastern_skane,PROV1144,,,Østær Skane,,,,,,,,,,x
c_eastern_skane,c_eastern_skane,,,,,,,,,,,,,x
c_eastern_skane,c_eastern_skane_adj,,,Østær Skanskr,,,,,,,,,,x
c_eastern_skane,norse,,,Wetlandi,,,,,,,,,,x
b_aahus,b_aahus,,,Aos,,,,,,,,,,x
b_aahus,b_aahus_adj,,,,,,,,,,,,,x
b_dalby,b_dalby,,,Dapræ,,,,,,,,,,x
b_dalby,b_dalby_adj,,,,,,,,,,,,,x
b_vae,b_vae,,,Væ,,,,,,,,,,x
b_vae,b_vae_adj,,,,,,,,,,,,,x
b_oestra_tommarp,b_oestra_tommarp,,,Tummæthorp,,,,,,,,,,x
b_oestra_tommarp,b_oestra_tommarp_adj,,,,,,,,,,,,,x
b_gyllebo,b_gyllebo,,,Gyullæ,,,,,,,,,,x
b_gyllebo,b_gyllebo_adj,,,,,,,,,,,,,x
c_blekinge,PROV6,,,Blekyngh,,,,,,,,,,x
c_blekinge,c_blekinge,,,,,,,,,,,,,x
c_blekinge,c_blekinge_adj,,,Blekynghr,,,,,,,,,,x
b_ronneby,b_ronneby,,,Rotnæby,,,,,,,,,,x
b_ronneby,b_ronneby_adj,,,,,,,,,,,,,x
b_solvesborg,b_solvesborg,,,Siluisborgh,,,,,,,,,,x
b_solvesborg,b_solvesborg_adj,,,,,,,,,,,,,x
d_sjaelland,d_sjaelland,,,Syaland,,,,,,,,,,x
d_sjaelland,d_sjaelland_adj,,,Syalandish,,,,,,,,,,x
c_sjaelland,PROV266,,,Nørræ Syaland,,,,,,,,,,x
c_sjaelland,c_sjaelland,,,,,,,,,,,,,x
c_sjaelland,c_sjaelland_adj,,,Nørræ Syalandr,,,,,,,,,,x
b_ringsted,b_ringsted,,,Ryngstath,,,,,,,,,,x
b_ringsted,b_ringsted_adj,,,,,,,,,,,,,x
b_holbaek,b_holbaek,,,Holæbæc,,,,,,,,,,x
b_holbaek,b_holbaek_adj,,,,,,,,,,,,,x
b_kobenhavn,b_kobenhavn,,,Kiopmanhafn,,,,,,,,,,x
b_kobenhavn,b_kobenhavn_adj,,,,,,,,,,,,,x
b_roskilde,b_roskilde,,,Roskeldæ,,,,,,,,,,x
b_roskilde,b_roskilde_adj,,,,,,,,,,,,,x
b_roskilde,norse,,,Hleiðra,,,,,,,,,,x
b_esrum,b_esrum,,,Esrom,,,,,,,,,,x
b_esrum,b_esrum_adj,,,,,,,,,,,,,x
b_soeborg,b_soeborg,,,Syoburgh,,,,,,,,,,x
b_soeborg,b_soeborg_adj,,,,,,,,,,,,,x
c_western_sjaelland,PROV1027,,,Væstær Syaland,,,,,,,,,,x
c_western_sjaelland,c_western_sjaelland,,,,,,,,,,,,,x
c_western_sjaelland,c_western_sjaelland_adj,,,Wæstær Syalandr,,,,,,,,,,x
b_skarsholm,b_skarsholm,,,Skarsioholm,,,,,,,,,,x
b_skarsholm,b_skarsholm_adj,,,,,,,,,,,,,x
b_soroe,b_soroe,,,Sor,,,,,,,,,,x
b_soroe,b_soroe_adj,,,,,,,,,,,,,x
b_antvorskov,b_antvorskov,,,Andworhscogh,,,,,,,,,,x
b_antvorskov,b_antvorskov_adj,,,,,,,,,,,,,x
b_taarnborg,b_taarnborg,,,Thornburgh,,,,,,,,,,x
b_taarnborg,b_taarnborg_adj,,,,,,,,,,,,,x
b_kalundborg,b_kalundborg,,,Kalundæburgh,,,,,,,,,,x
b_kalundborg,b_kalundborg_adj,,,,,,,,,,,,,x
c_southern_sjaelland,PROV1304,,,Syndræ Syaland,,,,,,,,,,x
c_southern_sjaelland,c_southern_sjaelland,,,,,,,,,,,,,x
c_southern_sjaelland,c_southern_sjaelland_adj,,,Syndræ Syalandr,,,,,,,,,,x
b_heddinge,b_heddinge,,,Hæddyng,,,,,,,,,,x
b_heddinge,b_heddinge_adj,,,,,,,,,,,,,x
b_naestved,b_naestved,,,Ncstweith,,,,,,,,,,x
b_naestved,b_naestved_adj,,,,,,,,,,,,,x
b_jungshoved,b_jungshoved,,,Junxhoulæth,,,,,,,,,,x
b_jungshoved,b_jungshoved_adj,,,,,,,,,,,,,x
b_vordingborg,b_vordingborg,,,Worthingburgh,,,,,,,,,,x
b_vordingborg,b_vordingborg_adj,,,,,,,,,,,,,x
b_vordingborg,norse,,,Worthing,,,,,,,,,,x
c_lolland,PROV1043,,,Laland,,,,,,,,,,x
c_lolland,c_lolland,,,,,,,,,,,,,x
c_lolland,c_lolland_adj,,,Lalandr,,,,,,,,,,x
b_nakskov,b_nakskov,,,Nacascogh,,,,,,,,,,x
b_nakskov,b_nakskov_adj,,,,,,,,,,,,,x
b_nykobing,b_nykobing,,,Nykoping,,,,,,,,,,x
b_nykobing,b_nykobing_adj,,,,,,,,,,,,,x
b_refshale,b_refshale,,,Ræfshalaburgh,,,,,,,,,,x
b_refshale,b_refshale_adj,,,,,,,,,,,,,x
b_stege,b_stege,,,Stighsburgh,,,,,,,,,,x
b_stege,b_stege_adj,,,,,,,,,,,,,x
c_fyn,PROV265,,,Fyun,,,,,,,,,,x
c_fyn,c_fyn,,,,,,,,,,,,,x
c_fyn,c_fyn_adj,,,Fyunr,,,,,,,,,,x
b_faaborg,b_faaborg,,,Foburgh,,,,,,,,,,x
b_faaborg,b_faaborg_adj,,,,,,,,,,,,,x
b_hesselager,b_hesselager,,,Hæsleakær,,,,,,,,,,x
b_hesselager,b_hesselager_adj,,,,,,,,,,,,,x
b_hesselager,norse,,,Heslaker,,,,,,,,,,x
b_svendborg,b_svendborg,,,Swineburgh,,,,,,,,,,x
b_svendborg,b_svendborg_adj,,,,,,,,,,,,,x
b_odense,b_odense,,,Othæns,,,,,,,,,,x
b_odense,b_odense_adj,,,,,,,,,,,,,x
b_nyborg,b_nyborg,,,Nyburgh,,,,,,,,,,x
b_nyborg,b_nyborg_adj,,,,,,,,,,,,,x
d_halland,d_halland,,,Halland,,,,,,,,,,x
d_halland,d_halland_adj,,,Hallandish,,,,,,,,,,x
c_northern_halland,PROV1587,,,Nørræ Halland,,,,,,,,,,x
c_northern_halland,c_northern_halland,,,,,,,,,,,,,x
c_northern_halland,c_northern_halland_adj,,,Nørræ Hallandr,,,,,,,,,,x
b_aas,b_aas,,,As,,,,,,,,,,x
b_aas,b_aas_adj,,,,,,,,,,,,,x
b_gedekaer,b_gedekaer,,,Getakir,,,,,,,,,,x
b_gedekaer,b_gedekaer_adj,,,,,,,,,,,,,x
b_varberg,b_varberg,,,Wardbergh,,,,,,,,,,x
b_varberg,b_varberg_adj,,,,,,,,,,,,,x
c_halland,PROV302,,,Syndræ Halland,,,,,,,,,,x
c_halland,c_halland,,,,,,,,,,,,,x
c_halland,c_halland_adj,,,Syndræ Hallandr,,,,,,,,,,x
b_laholm,b_laholm,,,Lagheholm,,,,,,,,,,x
b_laholm,b_laholm_adj,,,,,,,,,,,,,x
b_halmstad,b_halmstad,,,Halmstath,,,,,,,,,,x
b_halmstad,b_halmstad_adj,,,,,,,,,,,,,x
b_falkenberg,b_falkenberg,,,Falkynbergh,,,,,,,,,,x
b_falkenberg,b_falkenberg_adj,,,,,,,,,,,,,x
c_samsoe,PROV1586,,,Samsø,,,,,,,,,,x
c_samsoe,c_samsoe,,,,,,,,,,,,,x
c_samsoe,c_samsoe_adj,,,Samsør,,,,,,,,,,x
c_samsoe,norse,,,Sámsey,,,,,,,,,,x
b_hjelm,b_hjelm,,,Hiælm,,,,,,,,,,x
b_hjelm,b_hjelm_adj,,,,,,,,,,,,,x
b_samsoe,b_samsoe,,,Samsø,,,,,,,,,,x
b_samsoe,b_samsoe_adj,,,,,,,,,,,,,x
b_samsoe,norse,,,Sámsey,,,,,,,,,,x
d_jylland,d_jylland,,,Jutland,,,,,,,,,,x
d_jylland,d_jylland_adj,,,Jutlandish,,,,,,,,,,x
d_jylland,german,,,Jütland,,,,,,,,,,x
c_jylland,PROV267,,,Abosysæl,,,,,,,,,,x
c_jylland,c_jylland,,,,,,,,,,,,,x
c_jylland,c_jylland_adj,,,Abosysælr,,,,,,,,,,x
c_jylland,short_name,,,yes,,,,,,,,,,x
b_kaloe,b_kaloe,,,Kalløff,,,,,,,,,,x
b_kaloe,b_kaloe_adj,,,,,,,,,,,,,x
b_randers,b_randers,,,Randrøs,,,,,,,,,,x
b_randers,b_randers_adj,,,,,,,,,,,,,x
b_randers,norse,,,Randrosi,,,,,,,,,,x
b_gammel_estrup,b_gammel_estrup,,,Essendrup,,,,,,,,,,x
b_gammel_estrup,b_gammel_estrup_adj,,,,,,,,,,,,,x
b_horsens,b_horsens,,,Horsnæs,,,,,,,,,,x
b_horsens,b_horsens_adj,,,,,,,,,,,,,x
b_aarhus,b_aarhus,,,Arus,,,,,,,,,,x
b_aarhus,b_aarhus_adj,,,,,,,,,,,,,x
b_aarhus,norse,,,Árós,,,,,,,,,,x
b_skanderborg,b_skanderborg,,,Scandburgh,,,,,,,,,,x
b_skanderborg,b_skanderborg_adj,,,,,,,,,,,,,x
c_central_jylland,PROV1585,,,Warwithsysæl,,,,,,,,,,x
c_central_jylland,c_central_jylland,,,,,,,,,,,,,x
c_central_jylland,c_central_jylland_adj,,,Warwithsysælr,,,,,,,,,,x
c_central_jylland,short_name,,,yes,,,,,,,,,,x
b_kolding,b_kolding,,,Kaldyng,,,,,,,,,,x
b_kolding,b_kolding_adj,,,,,,,,,,,,,x
b_vejle,b_vejle,,,Wæthel,,,,,,,,,,x
b_vejle,b_vejle_adj,,,,,,,,,,,,,x
b_varde,b_varde,,,Varvith,,,,,,,,,,x
b_varde,b_varde_adj,,,,,,,,,,,,,x
b_jelling,b_jelling,,,Jalyng,,,,,,,,,,x
b_jelling,b_jelling_adj,,,,,,,,,,,,,x
b_jelling,norse,,,Ialang,,,,,,,,,,x
c_northeastern_jylland,PROV1584,,,Himbræsysæl,,,,,,,,,,x
c_northeastern_jylland,c_northeastern_jylland,,,,,,,,,,,,,x
c_northeastern_jylland,c_northeastern_jylland_adj,,,Himbræsysælr,,,,,,,,,,x
c_northeastern_jylland,short_name,,,yes,,,,,,,,,,x
b_aalborg,b_aalborg,,,Aleburgh,,,,,,,,,,x
b_aalborg,b_aalborg_adj,,,,,,,,,,,,,x
b_aalborg,norse,,,Alabu,,,,,,,,,,x
b_viborg,b_viborg,,,Wibiærgh,,,,,,,,,,x
b_viborg,b_viborg_adj,,,,,,,,,,,,,x
b_vitskoel,b_vitskoel,,,Withscuele,,,,,,,,,,x
b_vitskoel,b_vitskoel_adj,,,,,,,,,,,,,x
b_hald,b_hald,,,Hallæ,,,,,,,,,,x
b_hald,b_hald_adj,,,,,,,,,,,,,x
c_northern_jylland,PROV1051,,,Wændlesysæl,,,,,,,,,,x
c_northern_jylland,c_northern_jylland,,,,,,,,,,,,,x
c_northern_jylland,c_northern_jylland_adj,,,Wændlesysælr,,,,,,,,,,x
c_northern_jylland,norse,,,Vendill,,,,,,,,,,x
c_northern_jylland,short_name,,,yes,,,,,,,,,,x
b_boerglum,b_boerglum,,,Burlun,,,,,,,,,,x
b_boerglum,b_boerglum_adj,,,,,,,,,,,,,x
b_vestervig,b_vestervig,,,Væstærwigh,,,,,,,,,,x
b_vestervig,b_vestervig_adj,,,,,,,,,,,,,x
b_hjoerring,b_hjoerring,,,Hioringy,,,,,,,,,,x
b_hjoerring,b_hjoerring_adj,,,,,,,,,,,,,x
b_hjoerring,norse,,,Jörungr,,,,,,,,,,x
b_thisted,b_thisted,,,Thiudstath,,,,,,,,,,x
b_thisted,b_thisted_adj,,,,,,,,,,,,,x
b_aggersborg,b_aggersborg,,,Akærsburgh,,,,,,,,,,x
b_aggersborg,b_aggersborg_adj,,,,,,,,,,,,,x
c_western_jylland,PROV1052,,,Harthæsysæl,,,,,,,,,,x
c_western_jylland,c_western_jylland,,,,,,,,,,,,,x
c_western_jylland,c_western_jylland_adj,,,Harthæsysælr,,,,,,,,,,x
c_western_jylland,short_name,,,yes,,,,,,,,,,x
b_ringkoebing,b_ringkoebing,,,Rennumkøpingh,,,,,,,,,,x
b_ringkoebing,b_ringkoebing_adj,,,,,,,,,,,,,x
b_holstebro,b_holstebro,,,Holstathbro,,,,,,,,,,x
b_holstebro,b_holstebro_adj,,,,,,,,,,,,,x
b_skive,b_skive,,,Skhiuægarthæ,,,,,,,,,,x
b_skive,b_skive_adj,,,,,,,,,,,,,x
d_slesvig,d_slesvig,,,Sliesvík,,,,,,,,,,x
d_slesvig,d_slesvig_adj,,,Sliesvíkr,,,,,,,,,,x
d_slesvig,anglonorse,,,Sillendi,,,,,,,,,,x
d_slesvig,frisian,,,Sleeswyk,,,,,,,,,,x
d_slesvig,german,,,Schleswig,,,,,,,,,,x
d_slesvig,d_slesvig_adj_german,,,Slesvigian,,,,,,,,,,x
d_slesvig,gothic,,,Sillendi,,,,,,,,,,x
d_slesvig,icelandic,,,Sillendi,,,,,,,,,,x
d_slesvig,low_german,,,Sleswig,,,,,,,,,,x
d_slesvig,norse,,,Sillendi,,,,,,,,,,x
d_slesvig,norsegaelic,,,Sillendi,,,,,,,,,,x
d_slesvig,norwegian,,,Sillendi,,,,,,,,,,x
d_slesvig,saxon,,,Sillende,,,,,,,,,,x
d_slesvig,swedish,,,Sillendi,,,,,,,,,,x
c_slesvig,PROV264,,,Istathesysæl,,,,,,,,,,x
c_slesvig,c_slesvig,,,,,,,,,,,,,x
c_slesvig,c_slesvig_adj,,,Istathesysælr,,,,,,,,,,x
c_slesvig,german,,,Schleswig,,,,,,,,,,x
c_slesvig,low_german,,,Sleswig,,,,,,,,,,x
c_slesvig,short_name,,,yes,,,,,,,,,,x
b_gottorp,b_gottorp,,,Gotthorp,,,,,,,,,,x
b_gottorp,b_gottorp_adj,,,,,,,,,,,,,x
b_gottorp,german,,,Gottorf,,,,,,,,,,x
b_gottorp,low_german,,,Gottorp,,,,,,,,,,x
b_roest,b_roest,,,Røst,,,,,,,,,,x
b_roest,b_roest_adj,,,,,,,,,,,,,x
b_roest,german,,,Roest,,,,,,,,,,x
b_roest,low_german,,,Röst,,,,,,,,,,x
b_egernfoerde,b_egernfoerde,,,Ykærnæburgh,,,,,,,,,,x
b_egernfoerde,b_egernfoerde_adj,,,,,,,,,,,,,x
b_egernfoerde,german,,,Eckernförde,,,,,,,,,,x
b_egernfoerde,low_german,,,Eckernföör,,,,,,,,,,x
b_flensborg,b_flensborg,,,Flænsburgh,,,,,,,,,,x
b_flensborg,b_flensborg_adj,,,,,,,,,,,,,x
b_flensborg,frisian,,,Flensborag,,,,,,,,,,x
b_flensborg,german,,,Flensburg,,,,,,,,,,x
b_hedeby,b_hedeby,,,Hetheby,,,,,,,,,,x
b_hedeby,b_hedeby_adj,,,,,,,,,,,,,x
b_hedeby,german,,,Haithabu,,,,,,,,,,x
b_hedeby,icelandic,,,Heiðabyr,,,,,,,,,,x
b_hedeby,low_german,,,Haithabu,,,,,,,,,,x
b_hedeby,low_saxon,,,Haithabu,,,,,,,,,,x
b_hedeby,norse,,,Heiðabyr,,,,,,,,,,x
b_hedeby,norwegian,,,Heiðabyr,,,,,,,,,,x
c_southern_jylland,PROV950,,,Ellæmsysæl,,,,,,,,,,x
c_southern_jylland,c_southern_jylland,,,,,,,,,,,,,x
c_southern_jylland,c_southern_jylland_adj,,,Ellæmsysælr,,,,,,,,,,x
c_southern_jylland,german,,,Süderjütland,,,,,,,,,,x
c_southern_jylland,norse,,,Sillendi,,,,,,,,,,x
c_southern_jylland,old_frankish,,,Sinlendi,,,,,,,,,,x
c_southern_jylland,saxon,,,Sillende,,,,,,,,,,x
c_southern_jylland,short_name,,,yes,,,,,,,,,,x
b_tonder,b_tonder,,,Tundær,,,,,,,,,,x
b_tonder,b_tonder_adj,,,,,,,,,,,,,x
b_tonder,frisian,,,Tuner,,,,,,,,,,x
b_tonder,german,,,Tondern,,,,,,,,,,x
b_haderslev,b_haderslev,,,Hathærslef,,,,,,,,,,x
b_haderslev,b_haderslev_adj,,,,,,,,,,,,,x
b_haderslev,german,,,Hadersleben,,,,,,,,,,x
b_aabenraa,b_aabenraa,,,Opnør,,,,,,,,,,x
b_aabenraa,b_aabenraa_adj,,,,,,,,,,,,,x
b_aabenraa,german,,,Apenrade,,,,,,,,,,x
b_ribe,b_ribe,,,Ripæ,,,,,,,,,,x
b_ribe,b_ribe_adj,,,,,,,,,,,,,x
b_sonderborg,b_sonderborg,,,Syndræburgh,,,,,,,,,,x
b_sonderborg,b_sonderborg_adj,,,,,,,,,,,,,x
b_sonderborg,german,,,Sonderburg,,,,,,,,,,x
c_north_frisia,PROV1182,,,Utland,,,,,,,,,,x
c_north_frisia,c_north_frisia,,,,,,,,,,,,,x
c_north_frisia,c_north_frisia_adj,,,Utlandr,,,,,,,,,,x
c_north_frisia,german,,,Außenlande,,,,,,,,,,x
c_north_frisia,low_german,,,Uthlande,,,,,,,,,,x
b_tonningfriesland,b_tonningfriesland,,,Thynning,,,,,,,,,,x
b_tonningfriesland,b_tonningfriesland_adj,,,,,,,,,,,,,x
b_tonningfriesland,frisian,,,Taning,,,,,,,,,,x
b_tonningfriesland,german,,,Tönning,,,,,,,,,,x
b_tetenbull,b_tetenbull,,,Thedinbole,,,,,,,,,,x
b_tetenbull,b_tetenbull_adj,,,,,,,,,,,,,x
b_tetenbull,german,,,Tetenbüll,,,,,,,,,,x
b_garding,b_garding,,,Giæthning,,,,,,,,,,x
b_garding,b_garding_adj,,,,,,,,,,,,,x
b_garding,frisian,,,Gaarn,,,,,,,,,,x
b_garding,german,,,Gerdingen,,,,,,,,,,x
b_garding,low_german,,,Gaarn,,,,,,,,,,x
b_pelvorm,b_pelvorm,,,Pylwærm,,,,,,,,,,x
b_pelvorm,b_pelvorm_adj,,,,,,,,,,,,,x
b_pelvorm,frisian,,,Pälweerm,,,,,,,,,,x
b_pelvorm,german,,,Pellworm,,,,,,,,,,x
b_leck,b_leck,,,Lecky,,,,,,,,,,x
b_leck,b_leck_adj,,,,,,,,,,,,,x
b_leck,frisian,,,Leek,,,,,,,,,,x
b_leck,german,,,Leck,,,,,,,,,,x
b_rungholt,b_rungholt,,,Rungholt,,,,,,,,,,x
b_rungholt,b_rungholt_adj,,,,,,,,,,,,,x
d_bornholm,d_bornholm,,,Burghændæholm,,,,,,,,,,x
d_bornholm,d_bornholm_adj,,,Burghændæholmr,,,,,,,,,,x
d_bornholm,anglonorse,,,Borgundarhólmi,,,,,,,,,,x
d_bornholm,gothic,,,Borgundarhólmi,,,,,,,,,,x
d_bornholm,icelandic,,,Borgundarhólmi,,,,,,,,,,x
d_bornholm,norse,,,Borgundarhólmi,,,,,,,,,,x
d_bornholm,d_bornholm_adj_norse,,,Borgundarhólmir,,,,,,,,,,x
d_bornholm,norsegaelic,,,Borgundarhólmi,,,,,,,,,,x
d_bornholm,norwegian,,,Borgundarhólmi,,,,,,,,,,x
d_bornholm,d_bornholm_adj_norwegian,,,Borgundarhólmir,,,,,,,,,,x
d_bornholm,swedish,,,Borgundarhólmi,,,,,,,,,,x
c_bornholm,PROV305,,,Burghændæholm,,,,,,,,,,x
c_bornholm,c_bornholm,,,,,,,,,,,,,x
c_bornholm,c_bornholm_adj,,,Burghændæholmr,,,,,,,,,,x
c_bornholm,anglonorse,,,Borgundarhólmi,,,,,,,,,,x
c_bornholm,gothic,,,Borgundarhólmi,,,,,,,,,,x
c_bornholm,icelandic,,,Borgundarhólmi,,,,,,,,,,x
c_bornholm,norse,,,Borgundarhólmi,,,,,,,,,,x
c_bornholm,norsegaelic,,,Borgundarhólmi,,,,,,,,,,x
c_bornholm,norwegian,,,Borgundarhólmi,,,,,,,,,,x
c_bornholm,swedish,,,Borgundarhólmi,,,,,,,,,,x
b_hammershus,b_hammershus,,,Hamar,,,,,,,,,,x
b_hammershus,b_hammershus_adj,,,,,,,,,,,,,x
b_ronne,b_ronne,,,Rothnæ,,,,,,,,,,x
b_ronne,b_ronne_adj,,,,,,,,,,,,,x
d_nordfrisland,d_nordfrisland,,,Utlande,,,,,,,,,,x
d_nordfrisland,d_nordfrisland_adj,,,Utlandr,,,,,,,,,,x
d_nordfrisland,german,,,Außenlande,,,,,,,,,,x
k_iceland,k_iceland,,,Ísland,,,,,,,,,,x
k_iceland,k_iceland_adj,,,Íslandskr,,,,,,,,,,x
d_iceland,d_iceland,,,Ísland,,,,,,,,,,x
d_iceland,d_iceland_adj,,,Íslandskr,,,,,,,,,,x
c_southisland,PROV1258,,,Suðurland,,,,,,,,,,x
c_southisland,c_southisland,,,,,,,,,,,,,x
c_southisland,c_southisland_adj,,,Suðurlandr,,,,,,,,,,x
b_alftanes,b_alftanes,,,Álftanes,,,,,,,,,,x
b_alftanes,b_alftanes_adj,,,,,,,,,,,,,x
b_reykjavik,b_reykjavik,,,Reykjarvík,,,,,,,,,,x
b_reykjavik,b_reykjavik_adj,,,,,,,,,,,,,x
b_skalholt,b_skalholt,,,Skálholt,,,,,,,,,,x
b_skalholt,b_skalholt_adj,,,,,,,,,,,,,x
b_pingvellir,b_pingvellir,,,þingvellir,,,,,,,,,,x
b_pingvellir,b_pingvellir_adj,,,,,,,,,,,,,x
c_vestisland,PROV1,,,Vesturland,,,,,,,,,,x
c_vestisland,c_vestisland,,,,,,,,,,,,,x
c_vestisland,c_vestisland_adj,,,West Icelandic,,,,,,,,,,x
b_husavik,b_husavik,,,Húsavík,,,,,,,,,,x
b_husavik,b_husavik_adj,,,,,,,,,,,,,x
b_borgarnes,b_borgarnes,,,Digranes,,,,,,,,,,x
b_borgarnes,b_borgarnes_adj,,,,,,,,,,,,,x
c_austisland,PROV2,,,Austurland,,,,,,,,,,x
c_austisland,c_austisland,,,,,,,,,,,,,x
c_austisland,c_austisland_adj,,,East Icelandic,,,,,,,,,,x
b_seydifsjord,b_seydifsjord,,,Seyðisfjörður,,,,,,,,,,x
b_seydifsjord,b_seydifsjord_adj,,,,,,,,,,,,,x
c_nordisland,PROV1050,,,Norðurland,,,,,,,,,,x
c_nordisland,c_nordisland,,,,,,,,,,,,,x
c_nordisland,c_nordisland_adj,,,Norðurlandr,,,,,,,,,,x
b_borgarvirki,b_borgarvirki,,,Borgarvirki,,,,,,,,,,x
b_borgarvirki,b_borgarvirki_adj,,,,,,,,,,,,,x
b_hrisey,b_hrisey,,,Hrisey,,,,,,,,,,x
b_hrisey,b_hrisey_adj,,,,,,,,,,,,,x
b_akureyri,b_akureyri,,,Akureyri,,,,,,,,,,x
b_akureyri,b_akureyri_adj,,,,,,,,,,,,,x
k_sweden,k_sweden,,,Sviaríki,,,,,,,,,,x
k_sweden,k_sweden_adj,,,Svenskr,,,,,,,,,,x
k_sweden,norse,,,Sviþjod,,,,,,,,,,x
d_uppland,d_uppland,,,Uppland,,,,,,,,,,x
d_uppland,d_uppland_adj,,,Upplander,,,,,,,,,,x
d_uppland,norse,,,Sviþjod,,,,,,,,,,x
d_uppland,d_uppland_adj_norse,,,Sviþjodish,,,,,,,,,,x
c_uppland,PROV290,,,Tiundaland,,,,,,,,,,x
c_uppland,c_uppland,,,,,,,,,,,,,x
c_uppland,c_uppland_adj,,,Upplander,,,,,,,,,,x
b_uppsala,b_uppsala,,,Uppsala,,,,,,,,,,x
b_uppsala,b_uppsala_adj,,,,,,,,,,,,,x
b_uppsala,norse,,,Uppsalir,,,,,,,,,,x
b_rasbouppland,b_rasbouppland,,,Resbo,,,,,,,,,,x
b_rasbouppland,b_rasbouppland_adj,,,,,,,,,,,,,x
b_hatuna,b_hatuna,,,Håtuna,,,,,,,,,,x
b_hatuna,b_hatuna_adj,,,,,,,,,,,,,x
b_osthammarhus,b_osthammarhus,,,Östhammarshus,,,,,,,,,,x
b_osthammarhus,b_osthammarhus_adj,,,,,,,,,,,,,x
b_vaksala,b_vaksala,,,Waxalle,,,,,,,,,,x
b_vaksala,b_vaksala_adj,,,,,,,,,,,,,x
c_attundaland,PROV1073,,,Attundaland,,,,,,,,,,x
c_attundaland,c_attundaland,,,,,,,,,,,,,x
c_attundaland,c_attundaland_adj,,,Attundalandr,,,,,,,,,,x
b_stockholm,b_stockholm,,,Stockholm,,,,,,,,,,x
b_stockholm,b_stockholm_adj,,,,,,,,,,,,,x
b_sigtuna,b_sigtuna,,,Sigtuna,,,,,,,,,,x
b_sigtuna,b_sigtuna_adj,,,,,,,,,,,,,x
b_finsta,b_finsta,,,Finsta,,,,,,,,,,x
b_finsta,b_finsta_adj,,,,,,,,,,,,,x
b_penningby,b_penningby,,,Penningby,,,,,,,,,,x
b_penningby,b_penningby_adj,,,,,,,,,,,,,x
b_rydbo,b_rydbo,,,Rydbo,,,,,,,,,,x
b_rydbo,b_rydbo_adj,,,,,,,,,,,,,x
c_fjadrundaland,PROV1072,,,Fjädrundaland,,,,,,,,,,x
c_fjadrundaland,c_fjadrundaland,,,,,,,,,,,,,x
c_fjadrundaland,c_fjadrundaland_adj,,,Fjädrundalandr,,,,,,,,,,x
b_enkoping,b_enkoping,,,Enköping,,,,,,,,,,x
b_enkoping,b_enkoping_adj,,,,,,,,,,,,,x
b_enkoping,danish,,,Enkøbing,,,,,,,,,,x
b_enkoping,norwegian,,,Enkøping,,,,,,,,,,x
b_alsno,b_alsno,,,Alsnö,,,,,,,,,,x
b_alsno,b_alsno_adj,,,,,,,,,,,,,x
b_alsno,danish,,,Alsnø,,,,,,,,,,x
b_alsno,norwegian,,,Alsnø,,,,,,,,,,x
b_hagaslot,b_hagaslot,,,Haga,,,,,,,,,,x
b_hagaslot,b_hagaslot_adj,,,,,,,,,,,,,x
c_gastrikland,PROV286,,,Gästrikland,,,,,,,,,,x
c_gastrikland,c_gastrikland,,,,,,,,,,,,,x
c_gastrikland,c_gastrikland_adj,,,Gästriklander,,,,,,,,,,x
c_gastrikland,danish,,,Gestrikland,,,,,,,,,,x
c_gastrikland,norwegian,,,Gestrikland,,,,,,,,,,x
b_valbo,b_valbo,,,Valbo,,,,,,,,,,x
b_valbo,b_valbo_adj,,,,,,,,,,,,,x
b_hedesunda,b_hedesunda,,,Hedesunda,,,,,,,,,,x
b_hedesunda,b_hedesunda_adj,,,,,,,,,,,,,x
b_ockelbo,b_ockelbo,,,Ockelbo,,,,,,,,,,x
b_ockelbo,b_ockelbo_adj,,,,,,,,,,,,,x
b_hamrange,b_hamrange,,,Hamrånge,,,,,,,,,,x
b_hamrange,b_hamrange_adj,,,,,,,,,,,,,x
c_aland,PROV291,,,Åland,,,,,,,,,,x
c_aland,c_aland,,,,,,,,,,,,,x
c_aland,c_aland_adj,,,Ålander,,,,,,,,,,x
b_kastelholm,b_kastelholm,,,Kastelholm,,,,,,,,,,x
b_kastelholm,b_kastelholm_adj,,,,,,,,,,,,,x
b_sund,b_sund,,,Sund,,,,,,,,,,x
b_sund,b_sund_adj,,,,,,,,,,,,,x
d_ostergotland,d_ostergotland,,,Östergötland,,,,,,,,,,x
d_ostergotland,d_ostergotland_adj,,,East Geatish,,,,,,,,,,x
d_ostergotland,danish,,,Østergøtland,,,,,,,,,,x
d_ostergotland,norse,,,Austrgautland,,,,,,,,,,x
d_ostergotland,d_ostergotland_adj_norse,,,Austrgautlandish,,,,,,,,,,x
d_ostergotland,norwegian,,,Austrgautland,,,,,,,,,,x
d_ostergotland,d_ostergotland_adj_norwegian,,,Austrgautlandish,,,,,,,,,,x
c_ostergotland,PROV293,,,Östergötland,,,,,,,,,,x
c_ostergotland,c_ostergotland,,,,,,,,,,,,,x
c_ostergotland,c_ostergotland_adj,,,East Geatish,,,,,,,,,,x
c_ostergotland,danish,,,Østergøtland,,,,,,,,,,x
c_ostergotland,norwegian,,,Austrgautland,,,,,,,,,,x
b_stegeborg,b_stegeborg,,,Stegeborg,,,,,,,,,,x
b_stegeborg,b_stegeborg_adj,,,,,,,,,,,,,x
b_vadstena,b_vadstena,,,Vadstena,,,,,,,,,,x
b_vadstena,b_vadstena_adj,,,,,,,,,,,,,x
b_soderkoping,b_soderkoping,,,Söderköping,,,,,,,,,,x
b_soderkoping,b_soderkoping_adj,,,,,,,,,,,,,x
b_soderkoping,danish,,,Søderkøbing,,,,,,,,,,x
b_soderkoping,norwegian,,,Søderkøping,,,,,,,,,,x
b_linkoping,b_linkoping,,,Linköping,,,,,,,,,,x
b_linkoping,b_linkoping_adj,,,,,,,,,,,,,x
b_linkoping,danish,,,Linkøbing,,,,,,,,,,x
b_linkoping,norwegian,,,Linkøping,,,,,,,,,,x
b_skanninge,b_skanninge,,,Skänninge,,,,,,,,,,x
b_skanninge,b_skanninge_adj,,,,,,,,,,,,,x
b_skanninge,danish,,,Skænninge,,,,,,,,,,x
b_skanninge,norwegian,,,Skænninge,,,,,,,,,,x
c_more,PROV931,,,Möre,,,,,,,,,,x
c_more,c_more,,,,,,,,,,,,,x
c_more,c_more_adj,,,Mörer,,,,,,,,,,x
c_more,norse,,,Möre,,,,,,,,,,x
b_kalmarslott,b_kalmarslott,,,Kalmarslott,,,,,,,,,,x
b_kalmarslott,b_kalmarslott_adj,,,,,,,,,,,,,x
b_vimmerby,b_vimmerby,,,Vimmerby,,,,,,,,,,x
b_vimmerby,b_vimmerby_adj,,,,,,,,,,,,,x
b_kalmar,b_kalmar,,,Kalmar,,,,,,,,,,x
b_kalmar,b_kalmar_adj,,,,,,,,,,,,,x
c_oland,PROV300,,,Öland,,,,,,,,,,x
c_oland,c_oland,,,,,,,,,,,,,x
c_oland,c_oland_adj,,,Ölander,,,,,,,,,,x
c_oland,danish,,,Øland,,,,,,,,,,x
c_oland,norwegian,,,Øland,,,,,,,,,,x
b_borgholm,b_borgholm,,,Borgholm,,,,,,,,,,x
b_borgholm,b_borgholm_adj,,,,,,,,,,,,,x
b_eketorp,b_eketorp,,,Eketorp,,,,,,,,,,x
b_eketorp,b_eketorp_adj,,,,,,,,,,,,,x
b_hauldtorp,b_hauldtorp,,,Hauldtorp,,,,,,,,,,x
b_hauldtorp,b_hauldtorp_adj,,,,,,,,,,,,,x
c_smaland,PROV298,,,Njudung,,,,,,,,,,x
c_smaland,c_smaland,,,,,,,,,,,,,x
c_smaland,c_smaland_adj,,,Värender,,,,,,,,,,x
b_nasborg,b_nasborg,,,Nâsborg,,,,,,,,,,x
b_nasborg,b_nasborg_adj,,,,,,,,,,,,,x
b_nasborg,danish,,,Næsborg,,,,,,,,,,x
b_nasborg,norwegian,,,Næsborg,,,,,,,,,,x
b_ekesjo,b_ekesjo,,,Ekesjö,,,,,,,,,,x
b_ekesjo,b_ekesjo_adj,,,,,,,,,,,,,x
b_jonkoping,b_jonkoping,,,Jönköping,,,,,,,,,,x
b_jonkoping,b_jonkoping_adj,,,,,,,,,,,,,x
b_jonkoping,danish,,,Jønkøbing,,,,,,,,,,x
b_jonkoping,norwegian,,,Jønkøping,,,,,,,,,,x
c_tjust,PROV932,,,Värend,,,,,,,,,,x
c_tjust,c_tjust,,,,,,,,,,,,,x
c_tjust,c_tjust_adj,,,Värendr,,,,,,,,,,x
b_kronoberg,b_kronoberg,,,Kronoberg,,,,,,,,,,x
b_kronoberg,b_kronoberg_adj,,,,,,,,,,,,,x
b_vaxjo,b_vaxjo,,,Växjö,,,,,,,,,,x
b_vaxjo,b_vaxjo_adj,,,,,,,,,,,,,x
c_finnveden,PROV1311,,,Finnveden,,,,,,,,,,x
c_finnveden,c_finnveden,,,,,,,,,,,,,x
c_finnveden,c_finnveden_adj,,,Finnvedenr,,,,,,,,,,x
b_ljungby,b_ljungby,,,Ljungby,,,,,,,,,,x
b_ljungby,b_ljungby_adj,,,,,,,,,,,,,x
b_piksborg,b_piksborg,,,Piksborg,,,,,,,,,,x
b_piksborg,b_piksborg_adj,,,,,,,,,,,,,x
d_vastergotland,d_vastergotland,,,Västergötland,,,,,,,,,,x
d_vastergotland,d_vastergotland_adj,,,West Geatish,,,,,,,,,,x
d_vastergotland,norse,,,Vestrgautland,,,,,,,,,,x
d_vastergotland,d_vastergotland_adj_norse,,,Vestrgautlandish,,,,,,,,,,x
d_vastergotland,d_vastergotland_adj_norwegian,,,Vestrgautlandish,,,,,,,,,,x
c_skara,PROV1071,,,Skara,,,,,,,,,,x
c_skara,c_skara,,,,,,,,,,,,,x
c_skara,c_skara_adj,,,Skarar,,,,,,,,,,x
b_galakvist,b_galakvist,,,Gälakvist,,,,,,,,,,x
b_galakvist,b_galakvist_adj,,,,,,,,,,,,,x
b_galakvist,danish,,,Gælakvist,,,,,,,,,,x
b_galakvist,norwegian,,,Gælakvist,,,,,,,,,,x
b_ymseborg,b_ymseborg,,,Ymseborg,,,,,,,,,,x
b_ymseborg,b_ymseborg_adj,,,,,,,,,,,,,x
b_lacko,b_lacko,,,Läckö,,,,,,,,,,x
b_lacko,b_lacko_adj,,,,,,,,,,,,,x
b_lacko,danish,,,Læckø,,,,,,,,,,x
b_lacko,norwegian,,,Læckø,,,,,,,,,,x
b_arneasborg,b_arneasborg,,,Aranæs,,,,,,,,,,x
b_arneasborg,b_arneasborg_adj,,,,,,,,,,,,,x
b_arneasborg,bavarian,,,Arnis,,,,,,,,,,x
b_arneasborg,dutch,,,Arnis,,,,,,,,,,x
b_arneasborg,franconian,,,Arnis,,,,,,,,,,x
b_arneasborg,german,,,Arnis,,,,,,,,,,x
b_arneasborg,low_frankish,,,Arnis,,,,,,,,,,x
b_arneasborg,low_german,,,Arnis,,,,,,,,,,x
b_arneasborg,low_saxon,,,Arnis,,,,,,,,,,x
b_arneasborg,swabian,,,Arnis,,,,,,,,,,x
b_arneasborg,thuringian,,,Arnis,,,,,,,,,,x
b_skara,b_skara,,,Skara,,,,,,,,,,x
b_skara,b_skara_adj,,,,,,,,,,,,,x
c_vastergotland,PROV297,,,Lödöse,,,,,,,,,,x
c_vastergotland,c_vastergotland,,,,,,,,,,,,,x
c_vastergotland,c_vastergotland_adj,,,West Geatish,,,,,,,,,,x
c_vastergotland,danish,,,Lødøse,,,,,,,,,,x
c_vastergotland,norwegian,,,Lødøse,,,,,,,,,,x
b_falkoping,b_falkoping,,,Falköping,,,,,,,,,,x
b_falkoping,b_falkoping_adj,,,,,,,,,,,,,x
b_falkoping,danish,,,Falkøbing,,,,,,,,,,x
b_falkoping,norwegian,,,Falkøping,,,,,,,,,,x
b_lindholmen,b_lindholmen,,,Lindholmen,,,,,,,,,,x
b_lindholmen,b_lindholmen_adj,,,,,,,,,,,,,x
b_lena,b_lena,,,Lena,,,,,,,,,,x
b_lena,b_lena_adj,,,,,,,,,,,,,x
b_lodose,b_lodose,,,Lödöse,,,,,,,,,,x
b_lodose,b_lodose_adj,,,,,,,,,,,,,x
b_lodose,danish,,,Lødøse,,,,,,,,,,x
b_lodose,norwegian,,,Lødøse,,,,,,,,,,x
c_dal,PROV295,,,Dal,,,,,,,,,,x
c_dal,c_dal,,,,,,,,,,,,,x
c_dal,c_dal_adj,,,Dalabo,,,,,,,,,,x
b_dalaborg,b_dalaborg,,,Dalaborg,,,,,,,,,,x
b_dalaborg,b_dalaborg_adj,,,,,,,,,,,,,x
b_bolstad,b_bolstad,,,Bolstad,,,,,,,,,,x
b_bolstad,b_bolstad_adj,,,,,,,,,,,,,x
d_sodermandland,d_sodermandland,,,Södermanland,,,,,,,,,,x
d_sodermandland,d_sodermandland_adj,,,Södermanish,,,,,,,,,,x
c_varmland,PROV288,,,Värmilland,,,,,,,,,,x
c_varmland,c_varmland,,,,,,,,,,,,,x
c_varmland,c_varmland_adj,,,Värmlander,,,,,,,,,,x
c_varmland,danish,,,Værmland,,,,,,,,,,x
c_varmland,norwegian,,,Vermland,,,,,,,,,,x
b_saxholm,b_saxholm,,,Saxholm,,,,,,,,,,x
b_saxholm,b_saxholm_adj,,,,,,,,,,,,,x
b_arvika,b_arvika,,,Arvika,,,,,,,,,,x
b_arvika,b_arvika_adj,,,,,,,,,,,,,x
b_josse,b_josse,,,Jösse,,,,,,,,,,x
b_josse,b_josse_adj,,,,,,,,,,,,,x
c_narke,PROV294,,,Nerike,,,,,,,,,,x
c_narke,c_narke,,,,,,,,,,,,,x
c_narke,c_narke_adj,,,Närkian,,,,,,,,,,x
c_narke,danish,,,Nerke,,,,,,,,,,x
c_narke,norwegian,,,Nerike,,,,,,,,,,x
b_goksholm,b_goksholm,,,Göksholm,,,,,,,,,,x
b_goksholm,b_goksholm_adj,,,,,,,,,,,,,x
b_goksholm,danish,,,Gøksholm,,,,,,,,,,x
b_goksholm,norwegian,,,Gøksholm,,,,,,,,,,x
b_orebro,b_orebro,,,Örebro,,,,,,,,,,x
b_orebro,b_orebro_adj,,,,,,,,,,,,,x
b_orebro,danish,,,Ørebro,,,,,,,,,,x
b_orebro,norwegian,,,Ørebro,,,,,,,,,,x
b_mosas,b_mosas,,,Mosås,,,,,,,,,,x
b_mosas,b_mosas_adj,,,,,,,,,,,,,x
c_sodermanland,PROV292,,,Södermanland,,,,,,,,,,x
c_sodermanland,c_sodermanland,,,,,,,,,,,,,x
c_sodermanland,c_sodermanland_adj,,,Södermannian,,,,,,,,,,x
c_sodermanland,danish,,,Sødermanland,,,,,,,,,,x
c_sodermanland,norwegian,,,Sødermanland,,,,,,,,,,x
b_telge,b_telge,,,Telje,,,,,,,,,,x
b_telge,b_telge_adj,,,,,,,,,,,,,x
b_gripsholm,b_gripsholm,,,Gripsholm,,,,,,,,,,x
b_gripsholm,b_gripsholm_adj,,,,,,,,,,,,,x
b_torshalla,b_torshalla,,,Torshälla,,,,,,,,,,x
b_torshalla,b_torshalla_adj,,,,,,,,,,,,,x
b_torshalla,danish,,,Torshælla,,,,,,,,,,x
b_torshalla,norwegian,,,Torshælla,,,,,,,,,,x
b_strangnas,b_strangnas,,,Strängnäs,,,,,,,,,,x
b_strangnas,b_strangnas_adj,,,,,,,,,,,,,x
b_strangnas,danish,,,Strængnæs,,,,,,,,,,x
b_strangnas,norwegian,,,Strængnes,,,,,,,,,,x
b_nykoping,b_nykoping,,,Nyköping,,,,,,,,,,x
b_nykoping,b_nykoping_adj,,,,,,,,,,,,,x
b_nykoping,danish,,,Nykøbing,,,,,,,,,,x
b_nykoping,norwegian,,,Nykøping,,,,,,,,,,x
c_vastmanland,PROV289,,,Västmanland,,,,,,,,,,x
c_vastmanland,c_vastmanland,,,,,,,,,,,,,x
c_vastmanland,c_vastmanland_adj,,,Västmanlander,,,,,,,,,,x
c_vastmanland,danish,,,Vestmanland,,,,,,,,,,x
c_vastmanland,norwegian,,,Vestmanland,,,,,,,,,,x
b_vasteras,b_vasteras,,,Västerås,,,,,,,,,,x
b_vasteras,b_vasteras_adj,,,,,,,,,,,,,x
b_vasteras,danish,,,Vesterås,,,,,,,,,,x
b_vasteras,norwegian,,,Vesterås,,,,,,,,,,x
b_arboga,b_arboga,,,Arboga,,,,,,,,,,x
b_arboga,b_arboga_adj,,,,,,,,,,,,,x
b_kopingshus,b_kopingshus,,,Köpingshus,,,,,,,,,,x
b_kopingshus,b_kopingshus_adj,,,,,,,,,,,,,x
b_kopingshus,danish,,,Købingshus,,,,,,,,,,x
b_kopingshus,norwegian,,,Køpingshus,,,,,,,,,,x
b_koping,b_koping,,,Köping,,,,,,,,,,x
b_koping,b_koping_adj,,,,,,,,,,,,,x
b_koping,danish,,,Købing,,,,,,,,,,x
b_koping,norwegian,,,Køping,,,,,,,,,,x
d_halsingland,d_halsingland,,,Hälsingland,,,,,,,,,,x
d_halsingland,d_halsingland_adj,,,Hälsinglandish,,,,,,,,,,x
c_dalarna,PROV287,,,Järnbäraland,,,,,,,,,,x
c_dalarna,c_dalarna,,,,,,,,,,,,,x
c_dalarna,c_dalarna_adj,,,Dalish,,,,,,,,,,x
c_dalarna,danish,,,Jernbæraland,,,,,,,,,,x
c_dalarna,norwegian,,,Jernbæraland,,,,,,,,,,x
b_borganas,b_borganas,,,Borganäs,,,,,,,,,,x
b_borganas,b_borganas_adj,,,,,,,,,,,,,x
b_kopparberg,b_kopparberg,,,Kopparberg,,,,,,,,,,x
b_kopparberg,b_kopparberg_adj,,,,,,,,,,,,,x
b_hedemora,b_hedemora,,,Hedemora,,,,,,,,,,x
b_hedemora,b_hedemora_adj,,,,,,,,,,,,,x
c_angermanland,PROV281,,,Ångermanland,,,,,,,,,,x
c_angermanland,c_angermanland,,,,,,,,,,,,,x
c_angermanland,c_angermanland_adj,,,Ångermanlander,,,,,,,,,,x
b_bjartra,b_bjartra,,,Bjärtrå,,,,,,,,,,x
b_bjartra,b_bjartra_adj,,,,,,,,,,,,,x
b_bjartra,danish,,,Bjærtrå,,,,,,,,,,x
b_bjartra,norwegian,,,Bjertrå,,,,,,,,,,x
b_ulvo,b_ulvo,,,Ulvö,,,,,,,,,,x
b_ulvo,b_ulvo_adj,,,,,,,,,,,,,x
b_ulvo,danish,,,Ulvø,,,,,,,,,,x
b_ulvo,norwegian,,,Ulvø,,,,,,,,,,x
b_natra,b_natra,,,Nätra,,,,,,,,,,x
b_natra,b_natra_adj,,,,,,,,,,,,,x
c_medelpad,PROV283,,,Sunded,,,,,,,,,,x
c_medelpad,c_medelpad,,,,,,,,,,,,,x
c_medelpad,c_medelpad_adj,,,Medelpadian,,,,,,,,,,x
b_selanger,b_selanger,,,Selånger,,,,,,,,,,x
b_selanger,b_selanger_adj,,,,,,,,,,,,,x
b_alno,b_alno,,,Alnö,,,,,,,,,,x
b_alno,b_alno_adj,,,,,,,,,,,,,x
b_alno,danish,,,Alnø,,,,,,,,,,x
b_alno,norwegian,,,Alnø,,,,,,,,,,x
b_njurunda,b_njurunda,,,Njurunda,,,,,,,,,,x
b_njurunda,b_njurunda_adj,,,,,,,,,,,,,x
c_halsingland,PROV285,,,Alir,,,,,,,,,,x
c_halsingland,c_halsingland,,,,,,,,,,,,,x
c_halsingland,c_halsingland_adj,,,Hälsinglander,,,,,,,,,,x
b_norrala,b_norrala,,,Norrala,,,,,,,,,,x
b_norrala,b_norrala_adj,,,,,,,,,,,,,x
b_hog,b_hog,,,Hög,,,,,,,,,,x
b_hog,b_hog_adj,,,,,,,,,,,,,x
b_jattendal,b_jattendal,,,Jättendal,,,,,,,,,,x
b_jattendal,b_jattendal_adj,,,,,,,,,,,,,x
b_jattendal,danish,,,Jættendal,,,,,,,,,,x
b_jattendal,norwegian,,,Jættendal,,,,,,,,,,x
d_gotland,d_gotland,,,Gotland,,,,,,,,,,x
d_gotland,d_gotland_adj,,,Gotlandish,,,,,,,,,,x
d_gotland,danish,,,Gulland,,,,,,,,,,x
d_gotland,d_gotland_adj_danish,,,Gullandish,,,,,,,,,,x
d_gotland,norse,,,Gautland,,,,,,,,,,x
d_gotland,d_gotland_adj_norse,,,Gautlandish,,,,,,,,,,x
d_gotland,norwegian,,,Gautland,,,,,,,,,,x
d_gotland,d_gotland_adj_norwegian,,,Gautlandish,,,,,,,,,,x
c_gotland,PROV301,,,Gotland,,,,,,,,,,x
c_gotland,c_gotland,,,,,,,,,,,,,x
c_gotland,c_gotland_adj,,,Gotlander,,,,,,,,,,x
c_gotland,danish,,,Gulland,,,,,,,,,,x
c_gotland,norse,,,Gautland,,,,,,,,,,x
b_visby,b_visby,,,Visby,,,,,,,,,,x
b_visby,b_visby_adj,,,,,,,,,,,,,x
b_visborg,b_visborg,,,Visborg,,,,,,,,,,x
b_visborg,b_visborg_adj,,,,,,,,,,,,,x
b_slite,b_slite,,,Slite,,,,,,,,,,x
b_slite,b_slite_adj,,,,,,,,,,,,,x
b_geatish_roma,b_geatish_roma,,,Roma,,,,,,,,,,x
b_geatish_roma,b_geatish_roma_adj,,,,,,,,,,,,,x
b_othem,b_othem,,,Othem,,,,,,,,,,x
b_othem,b_othem_adj,,,,,,,,,,,,,x
k_norway,k_norway,,,Norégr,,,,,,,,,,x
k_norway,k_norway_adj,,,Norskr,,,,,,,,,,x
d_ostlandet,d_ostlandet,,,Víken,,,,,,,,,,x
d_ostlandet,d_ostlandet_adj,,,Víkian,,,,,,,,,,x
c_vestfold,PROV271,,,Vestfold,,,,,,,,,,x
c_vestfold,c_vestfold,,,,,,,,,,,,,x
c_vestfold,c_vestfold_adj,,,Vestfoldr,,,,,,,,,,x
b_kaupang,b_kaupang,,,Kaupangr,,,,,,,,,,x
b_kaupang,b_kaupang_adj,,,,,,,,,,,,,x
b_horten,b_horten,,,Holtar,,,,,,,,,,x
b_horten,b_horten_adj,,,,,,,,,,,,,x
b_skiringssal,b_skiringssal,,,Skíringssalr,,,,,,,,,,x
b_skiringssal,b_skiringssal_adj,,,,,,,,,,,,,x
b_tonsberg,b_tonsberg,,,Túnsberg,,,,,,,,,,x
b_tonsberg,b_tonsberg_adj,,,,,,,,,,,,,x
c_akershus,PROV272,,,Vingulmörk,,,,,,,,,,x
c_akershus,c_akershus,,,,,,,,,,,,,x
c_akershus,c_akershus_adj,,,Vingulmörkr,,,,,,,,,,x
b_oslo,b_oslo,,,Óslo,,,,,,,,,,x
b_oslo,b_oslo_adj,,,,,,,,,,,,,x
b_thorso,b_thorso,,,Þórshof,,,,,,,,,,x
b_thorso,b_thorso_adj,,,,,,,,,,,,,x
b_thorso,danish,,,Tosowe,,,,,,,,,,x
b_isegran,b_isegran,,,Isegran,,,,,,,,,,x
b_isegran,b_isegran_adj,,,,,,,,,,,,,x
b_akershus,b_akershus,,,Akershus,,,,,,,,,,x
b_akershus,b_akershus_adj,,,,,,,,,,,,,x
b_sarpsborg,b_sarpsborg,,,Borg,,,,,,,,,,x
b_sarpsborg,b_sarpsborg_adj,,,,,,,,,,,,,x
b_sarpsborg,danish,,,Saresburgh,,,,,,,,,,x
c_viken,PROV296,,,Ránríki,,,,,,,,,,x
c_viken,c_viken,,,,,,,,,,,,,x
c_viken,c_viken_adj,,,Vikish,,,,,,,,,,x
c_viken,c_viken_adj_norse,,,Alfish,,,,,,,,,,x
b_kungahalla,b_kungahalla,,,Konungahella,,,,,,,,,,x
b_kungahalla,b_kungahalla_adj,,,,,,,,,,,,,x
b_dragmark,b_dragmark,,,Marieskog,,,,,,,,,,x
b_dragmark,b_dragmark_adj,,,,,,,,,,,,,x
b_bohus,b_bohus,,,Bagahus,,,,,,,,,,x
b_bohus,b_bohus_adj,,,,,,,,,,,,,x
b_bohus,danish,,,Bagahuus,,,,,,,,,,x
b_ragnhildsholm,b_ragnhildsholm,,,Ragnildarholmir,,,,,,,,,,x
b_ragnhildsholm,b_ragnhildsholm_adj,,,,,,,,,,,,,x
c_agder,PROV268,,,Egðafylki,,,,,,,,,,x
c_agder,c_agder,,,,,,,,,,,,,x
c_agder,c_agder_adj,,,Agðir,,,,,,,,,,x
c_agder,short_name,,,yes,,,,,,,,,,x
b_spangereid,b_spangereid,,,Spangareið,,,,,,,,,,x
b_spangereid,b_spangereid_adj,,,,,,,,,,,,,x
b_liknes,b_liknes,,,Hvinir,,,,,,,,,,x
b_liknes,b_liknes_adj,,,,,,,,,,,,,x
b_oddernes,b_oddernes,,,Otrunes,,,,,,,,,,x
b_oddernes,b_oddernes_adj,,,,,,,,,,,,,x
b_tromoey,b_tromoey,,,Þruma,,,,,,,,,,x
b_tromoey,b_tromoey_adj,,,,,,,,,,,,,x
c_telemark,PROV270,,,Þelamørk,,,,,,,,,,x
c_telemark,c_telemark,,,,,,,,,,,,,x
c_telemark,c_telemark_adj,,,Þelamørkr,,,,,,,,,,x
b_skien,b_skien,,,Skiða,,,,,,,,,,x
b_skien,b_skien_adj,,,,,,,,,,,,,x
b_eidsborg,b_eidsborg,,,Eiðsborg,,,,,,,,,,x
b_eidsborg,b_eidsborg_adj,,,,,,,,,,,,,x
b_fivlavollen,b_fivlavollen,,,Tiflavellir,,,,,,,,,,x
b_fivlavollen,b_fivlavollen_adj,,,,,,,,,,,,,x
d_opplandene,d_opplandene,,,Upplondum,,,,,,,,,,x
d_opplandene,d_opplandene_adj,,,Upplondr,,,,,,,,,,x
d_opplandene,norse,,,Uppland,,,,,,,,,,x
c_hedmark,PROV276,,,Heiðmørk,,,,,,,,,,x
c_hedmark,c_hedmark,,,,,,,,,,,,,x
c_hedmark,c_hedmark_adj,,,Heiðmørkr,,,,,,,,,,x
b_hamarhus,b_hamarhus,,,Hamarr,,,,,,,,,,x
b_hamarhus,b_hamarhus_adj,,,,,,,,,,,,,x
b_flikkeshaug,b_flikkeshaug,,,Fylkishaugr,,,,,,,,,,x
b_flikkeshaug,b_flikkeshaug_adj,,,,,,,,,,,,,x
b_ringnes,b_ringnes,,,Hringanes,,,,,,,,,,x
b_ringnes,b_ringnes_adj,,,,,,,,,,,,,x
b_ringsaker,b_ringsaker,,,Hringisakr,,,,,,,,,,x
b_ringsaker,b_ringsaker_adj,,,,,,,,,,,,,x
c_gudbrandzdalar,PROV1099,,,Guðbrandzdalar,,,,,,,,,,x
c_gudbrandzdalar,c_gudbrandzdalar,,,,,,,,,,,,,x
c_gudbrandzdalar,c_gudbrandzdalar_adj,,,Guðbrandzdœlir,,,,,,,,,,x
b_dovre,b_dovre,,,Dofrar,,,,,,,,,,x
b_dovre,b_dovre_adj,,,,,,,,,,,,,x
b_lom,b_lom,,,Lóm,,,,,,,,,,x
b_lom,b_lom_adj,,,,,,,,,,,,,x
b_hundorp,b_hundorp,,,Hundþorp,,,,,,,,,,x
b_hundorp,b_hundorp_adj,,,,,,,,,,,,,x
c_raumrike,PROV1100,,,Raumríkí,,,,,,,,,,x
c_raumrike,c_raumrike,,,,,,,,,,,,,x
c_raumrike,c_raumrike_adj,,,Raumríkír,,,,,,,,,,x
b_kongsvinger,b_kongsvinger,,,Vingr,,,,,,,,,,x
b_kongsvinger,b_kongsvinger_adj,,,,,,,,,,,,,x
b_soerum,b_soerum,,,Suðrheimr,,,,,,,,,,x
b_soerum,b_soerum_adj,,,,,,,,,,,,,x
b_eidsvoll,b_eidsvoll,,,Eiðsvellir,,,,,,,,,,x
b_eidsvoll,b_eidsvoll_adj,,,,,,,,,,,,,x
c_oppland,PROV273,,,Hringaríki,,,,,,,,,,x
c_oppland,c_oppland,,,,,,,,,,,,,x
c_oppland,c_oppland_adj,,,Hringaríkir,,,,,,,,,,x
b_tanberg,b_tanberg,,,Þornberg,,,,,,,,,,x
b_tanberg,b_tanberg_adj,,,,,,,,,,,,,x
b_tingelstad,b_tingelstad,,,Þengilstaðir,,,,,,,,,,x
b_tingelstad,b_tingelstad_adj,,,,,,,,,,,,,x
b_hole,b_hole,,,Hólar,,,,,,,,,,x
b_hole,b_hole_adj,,,,,,,,,,,,,x
d_vestlandet,d_vestlandet,,,Biorgvin,,,,,,,,,,x
d_vestlandet,d_vestlandet_adj,,,Horðr,,,,,,,,,,x
c_bergenshus,PROV274,,,Horðaland,,,,,,,,,,x
c_bergenshus,c_bergenshus,,,,,,,,,,,,,x
c_bergenshus,c_bergenshus_adj,,,Horðr,,,,,,,,,,x
b_stoele,b_stoele,,,Stuðla,,,,,,,,,,x
b_stoele,b_stoele_adj,,,,,,,,,,,,,x
b_bergen,b_bergen,,,Biorgvín,,,,,,,,,,x
b_bergen,b_bergen_adj,,,,,,,,,,,,,x
b_bergenhus,b_bergenhus,,,Hákonarhella,,,,,,,,,,x
b_bergenhus,b_bergenhus_adj,,,,,,,,,,,,,x
b_torsnes,b_torsnes,,,Þórsnes,,,,,,,,,,x
b_torsnes,b_torsnes_adj,,,,,,,,,,,,,x
b_halsnoey,b_halsnoey,,,Halsney,,,,,,,,,,x
b_halsnoey,b_halsnoey_adj,,,,,,,,,,,,,x
b_mosterhamm,b_mosterhamm,,,Mostr,,,,,,,,,,x
b_mosterhamm,b_mosterhamm_adj,,,,,,,,,,,,,x
b_aarstad,b_aarstad,,,Álreksstaðir,,,,,,,,,,x
b_aarstad,b_aarstad_adj,,,,,,,,,,,,,x
b_seim,b_seim,,,Sæheimr,,,,,,,,,,x
b_seim,b_seim_adj,,,,,,,,,,,,,x
b_ask,b_ask,,,Askr,,,,,,,,,,x
b_ask,b_ask_adj,,,,,,,,,,,,,x
c_rogaland,PROV269,,,Rygjafylki,,,,,,,,,,x
c_rogaland,c_rogaland,,,,,,,,,,,,,x
c_rogaland,c_rogaland_adj,,,Rogalander,,,,,,,,,,x
c_rogaland,short_name,,,yes,,,,,,,,,,x
b_utstein,b_utstein,,,Útsteinn,,,,,,,,,,x
b_utstein,b_utstein_adj,,,,,,,,,,,,,x
b_haugesund,b_haugesund,,,Haugar,,,,,,,,,,x
b_haugesund,b_haugesund_adj,,,,,,,,,,,,,x
b_sola,b_sola,,,Sóli,,,,,,,,,,x
b_sola,b_sola_adj,,,,,,,,,,,,,x
b_avaldsnes,b_avaldsnes,,,Aagvaldnes,,,,,,,,,,x
b_avaldsnes,b_avaldsnes_adj,,,,,,,,,,,,,x
c_sogn,PROV1278,,,Sygnafylki,,,,,,,,,,x
c_sogn,c_sogn,,,,,,,,,,,,,x
c_sogn,c_sogn_adj,,,Sognr,,,,,,,,,,x
c_sogn,short_name,,,yes,,,,,,,,,,x
b_aurland,b_aurland,,,Aurland,,,,,,,,,,x
b_aurland,b_aurland_adj,,,,,,,,,,,,,x
b_hoeyanger,b_hoeyanger,,,Heyangr,,,,,,,,,,x
b_hoeyanger,b_hoeyanger_adj,,,,,,,,,,,,,x
c_foerde,PROV1067,,,Firðafylki,,,,,,,,,,x
c_foerde,c_foerde,,,,,,,,,,,,,x
c_foerde,c_foerde_adj,,,Firðir,,,,,,,,,,x
c_foerde,short_name,,,yes,,,,,,,,,,x
b_audunborg,b_audunborg,,,Audanborg,,,,,,,,,,x
b_audunborg,b_audunborg_adj,,,,,,,,,,,,,x
b_berle,b_berle,,,Berðla,,,,,,,,,,x
b_berle,b_berle_adj,,,,,,,,,,,,,x
b_aasmul,b_aasmul,,,Aasmul,,,,,,,,,,x
b_aasmul,b_aasmul_adj,,,,,,,,,,,,,x
d_more,d_more,,,Mœri,,,,,,,,,,x
d_more,d_more_adj,,,Mœrir,,,,,,,,,,x
c_nordland,PROV391,,,Norðmœri,,,,,,,,,,x
c_nordland,c_nordland,,,,,,,,,,,,,x
c_nordland,c_nordland_adj,,,Norðmœrir,,,,,,,,,,x
b_rissa,b_rissa,,,Rein,,,,,,,,,,x
b_rissa,b_rissa_adj,,,,,,,,,,,,,x
b_selva,b_selva,,,Solvi,,,,,,,,,,x
b_selva,b_selva_adj,,,,,,,,,,,,,x
b_austraat,b_austraat,,,Austrátt,,,,,,,,,,x
b_austraat,b_austraat_adj,,,,,,,,,,,,,x
b_bjerkestrand,b_bjerkestrand,,,Birkistrond,,,,,,,,,,x
b_bjerkestrand,b_bjerkestrand_adj,,,,,,,,,,,,,x
c_romsdal,PROV1289,,,Raumsdalr,,,,,,,,,,x
c_romsdal,c_romsdal,,,,,,,,,,,,,x
c_romsdal,c_romsdal_adj,,,Raumsdœlir,,,,,,,,,,x
b_hustad_romsdal,b_hustad_romsdal,,,Húsastaðir,,,,,,,,,,x
b_hustad_romsdal,b_hustad_romsdal_adj,,,,,,,,,,,,,x
c_sunmore,PROV1010,,,Sunnmœri,,,,,,,,,,x
c_sunmore,c_sunmore,,,,,,,,,,,,,x
c_sunmore,c_sunmore_adj,,,Sunnmœrir,,,,,,,,,,x
b_aspa,b_aspa,,,Aspaey,,,,,,,,,,x
b_aspa,b_aspa_adj,,,,,,,,,,,,,x
b_giske,b_giske,,,Gizki,,,,,,,,,,x
b_giske,b_giske_adj,,,,,,,,,,,,,x
b_blindheim,b_blindheim,,,Blindheimr,,,,,,,,,,x
b_blindheim,b_blindheim_adj,,,,,,,,,,,,,x
d_trondelag,d_trondelag,,,Þrœndalóg,,,,,,,,,,x
d_trondelag,d_trondelag_adj,,,Þróndr,,,,,,,,,,x
c_trondelag,PROV275,,,Ytriþrœndalóg,,,,,,,,,,x
c_trondelag,c_trondelag,,,Nidaros,,,,,,,,,,x
c_trondelag,c_trondelag_adj,,,Ytriþrœndalóg,,,,,,,,,,x
b_trondheim,b_trondheim,,,Niðaróss,,,,,,,,,,x
b_trondheim,b_trondheim_adj,,,,,,,,,,,,,x
b_sverresborg,b_sverresborg,,,Sverrirborg,,,,,,,,,,x
b_sverresborg,b_sverresborg_adj,,,,,,,,,,,,,x
b_sverresborg,danish,,,Sverresburgh,,,,,,,,,,x
b_alstadhaug,b_alstadhaug,,,Aalvishaugr,,,,,,,,,,x
b_alstadhaug,b_alstadhaug_adj,,,,,,,,,,,,,x
b_longtun,b_longtun,,,Lagatýn,,,,,,,,,,x
b_longtun,b_longtun_adj,,,,,,,,,,,,,x
b_lade,b_lade,,,Hlaðir,,,,,,,,,,x
b_lade,b_lade_adj,,,,,,,,,,,,,x
c_steinkjer,PROV1257,,,Innriþrœndalóg,,,,,,,,,,x
c_steinkjer,c_steinkjer,,,,,,,,,,,,,x
c_steinkjer,c_steinkjer_adj,,,Innriþrœndalóg,,,,,,,,,,x
b_steinkjer,b_steinkjer,,,Steinker,,,,,,,,,,x
b_steinkjer,b_steinkjer_adj,,,,,,,,,,,,,x
b_steinkjer,finnish,,,Stientjie,,,,,,,,,,x
b_steinkjer,karelian,,,Stientjie,,,,,,,,,,x
b_steinkjer,khanty,,,Stientjie,,,,,,,,,,x
b_steinkjer,komi,,,Stientjie,,,,,,,,,,x
b_steinkjer,lappish,,,Stientjie,,,,,,,,,,x
b_steinkjer,livonian,,,Stientjie,,,,,,,,,,x
b_steinkjer,mari,,,Stientjie,,,,,,,,,,x
b_steinkjer,mordvin,,,Stientjie,,,,,,,,,,x
b_steinkjer,samoyed,,,Stientjie,,,,,,,,,,x
b_steinkjer,ugricbaltic,,,Stientjie,,,,,,,,,,x
b_steinkjer,vepsian,,,Stientjie,,,,,,,,,,x
b_maere,b_maere,,,Mærin,,,,,,,,,,x
b_maere,b_maere_adj,,,,,,,,,,,,,x
b_egge,b_egge,,,Egg,,,,,,,,,,x
b_egge,b_egge_adj,,,,,,,,,,,,,x
d_halogaland,d_halogaland,,,Hálogaland,,,,,,,,,,x
d_halogaland,d_halogaland_adj,,,Hálogalandr,,,,,,,,,,x
c_halogaland,PROV278,,,Hálogaland,,,,,,,,,,x
c_halogaland,c_halogaland,,,,,,,,,,,,,x
c_halogaland,c_halogaland_adj,,,Hálogalandr,,,,,,,,,,x
b_vaagan,b_vaagan,,,Vágar,,,,,,,,,,x
b_vaagan,b_vaagan_adj,,,,,,,,,,,,,x
b_vaagan,finnish,,,Vuogát,,,,,,,,,,x
b_vaagan,karelian,,,Vuogát,,,,,,,,,,x
b_vaagan,khanty,,,Vuogát,,,,,,,,,,x
b_vaagan,komi,,,Vuogát,,,,,,,,,,x
b_vaagan,lappish,,,Vuogát,,,,,,,,,,x
b_vaagan,mari,,,Vuogát,,,,,,,,,,x
b_vaagan,mordvin,,,Vuogát,,,,,,,,,,x
b_vaagan,samoyed,,,Vuogát,,,,,,,,,,x
b_vaagan,ugricbaltic,,,Vuogát,,,,,,,,,,x
b_vaagan,vepsian,,,Vuogát,,,,,,,,,,x
b_bjarkoey,b_bjarkoey,,,Bjarkey,,,,,,,,,,x
b_bjarkoey,b_bjarkoey_adj,,,,,,,,,,,,,x
b_torget,b_torget,,,Torga,,,,,,,,,,x
b_torget,b_torget_adj,,,,,,,,,,,,,x
b_sandnessjoeen,b_sandnessjoeen,,,Sandnes,,,,,,,,,,x
b_sandnessjoeen,b_sandnessjoeen_adj,,,,,,,,,,,,,x
c_naumadal,PROV277,,,Naumdœlfylki,,,,,,,,,,x
c_naumadal,c_naumadal,,,,,,,,,,,,,x
c_naumadal,c_naumadal_adj,,,Naumdœlir,,,,,,,,,,x
c_naumadal,short_name,,,yes,,,,,,,,,,x
b_fosnes,b_fosnes,,,Fólgsnnes,,,,,,,,,,x
b_fosnes,b_fosnes_adj,,,,,,,,,,,,,x
c_finnmark,PROV389,,,Finnmörk,,,,,,,,,,x
c_finnmark,c_finnmark,,,,,,,,,,,,,x
c_finnmark,c_finnmark_adj,,,Finnr,,,,,,,,,,x
c_finnmark,finnish,,,Finnmárku,,,,,,,,,,x
c_finnmark,karelian,,,Finnmárku,,,,,,,,,,x
c_finnmark,khanty,,,Finnmárku,,,,,,,,,,x
c_finnmark,komi,,,Finnmárku,,,,,,,,,,x
c_finnmark,lappish,,,Finnmárku,,,,,,,,,,x
c_finnmark,mari,,,Finnmárku,,,,,,,,,,x
c_finnmark,mordvin,,,Finnmárku,,,,,,,,,,x
c_finnmark,samoyed,,,Finnmárku,,,,,,,,,,x
c_finnmark,ugricbaltic,,,Finnmárku,,,,,,,,,,x
c_finnmark,vepsian,,,Finnmárku,,,,,,,,,,x
b_tromsoe,b_tromsoe,,,Troms,,,,,,,,,,x
b_tromsoe,b_tromsoe_adj,,,,,,,,,,,,,x
b_tromsoe,finnish,,,Tromssa,,,,,,,,,,x
b_tromsoe,karelian,,,Tromssa,,,,,,,,,,x
b_tromsoe,khanty,,,Tromssa,,,,,,,,,,x
b_tromsoe,komi,,,Tromssa,,,,,,,,,,x
b_tromsoe,lappish,,,Tromssa,,,,,,,,,,x
b_tromsoe,mari,,,Tromssa,,,,,,,,,,x
b_tromsoe,mordvin,,,Tromssa,,,,,,,,,,x
b_tromsoe,samoyed,,,Tromssa,,,,,,,,,,x
b_tromsoe,ugricbaltic,,,Tromssa,,,,,,,,,,x
b_tromsoe,vepsian,,,Tromssa,,,,,,,,,,x
d_jamtland,d_jamtland,,,Jamtaland,,,,,,,,,,x
d_jamtland,d_jamtland_adj,,,Jamtalandr,,,,,,,,,,x
c_jamtland,PROV282,,,Jamtaland,,,,,,,,,,x
c_jamtland,c_jamtland,,,,,,,,,,,,,x
c_jamtland,c_jamtland_adj,,,Jamtalandr,,,,,,,,,,x
b_vasterhus,b_vasterhus,,,Vestrhus,,,,,,,,,,x
b_vasterhus,b_vasterhus_adj,,,,,,,,,,,,,x
b_brunflo,b_brunflo,,,Hagnastadha,,,,,,,,,,x
b_brunflo,b_brunflo_adj,,,,,,,,,,,,,x
c_herjedalen,PROV284,,,Herjárdalr,,,,,,,,,,x
c_herjedalen,c_herjedalen,,,,,,,,,,,,,x
c_herjedalen,c_herjedalen_adj,,,Herjárdœlir,,,,,,,,,,x
b_lillhardal,b_lillhardal,,,Lillhärdal,,,,,,,,,,x
b_lillhardal,b_lillhardal_adj,,,,,,,,,,,,,x
b_sveg,b_sveg,,,Sveigr,,,,,,,,,,x
b_sveg,b_sveg_adj,,,,,,,,,,,,,x
d_faereyar,d_faereyar,,,Faereyar,,,,,,,,,,x
d_faereyar,d_faereyar_adj,,,Faereyar,,,,,,,,,,x
c_faereyar,PROV33,,,Færeyar,,,,,,,,,,x
c_faereyar,c_faereyar,,,,,,,,,,,,,x
c_faereyar,c_faereyar_adj,,,Fairy,,,,,,,,,,x
b_klaksvik,b_klaksvik,,,Klaksvik,,,,,,,,,,x
b_klaksvik,b_klaksvik_adj,,,,,,,,,,,,,x
b_skansin,b_skansin,,,Skansin,,,,,,,,,,x
b_skansin,b_skansin_adj,,,,,,,,,,,,,x
k_finland,k_finland,,,Suomi,,,,,,,,,,x
k_finland,k_finland_adj,,,Suomalainen,,,,,,,,,,x
k_finland,anglonorse,,,Finlandi,,,,,,,,,,x
k_finland,danish,,,Østærland,,,,,,,,,,x
k_finland,finnish,,,Suomi,,,,,,,,,,x
k_finland,gothic,,,Österland,,,,,,,,,,x
k_finland,karelian,,,Suomi,,,,,,,,,,x
k_finland,khanty,,,Suomi,,,,,,,,,,x
k_finland,komi,,,Suomi,,,,,,,,,,x
k_finland,lappish,,,Suomi,,,,,,,,,,x
k_finland,lettigallish,,,Suomi,,,,,,,,,,x
k_finland,lithuanian,,,Suomi,,,,,,,,,,x
k_finland,livonian,,,Suomi,,,,,,,,,,x
k_finland,mari,,,Suomi,,,,,,,,,,x
k_finland,mordvin,,,Suomi,,,,,,,,,,x
k_finland,norse,,,Finlandi,,,,,,,,,,x
k_finland,norwegian,,,Finlandi,,,,,,,,,,x
k_finland,prussian,,,Suomi,,,,,,,,,,x
k_finland,samoyed,,,Suomi,,,,,,,,,,x
k_finland,saxon,,,Cwenaland,,,,,,,,,,x
k_finland,swedish,,,Österland,,,,,,,,,,x
k_finland,ugricbaltic,,,Suomi,,,,,,,,,,x
k_finland,vepsian,,,Suomi,,,,,,,,,,x
d_finland,d_finland,,,Suomi,,,,,,,,,,x
d_finland,d_finland_adj,,,Suomalainen,,,,,,,,,,x
d_finland,anglonorse,,,Finlandi,,,,,,,,,,x
d_finland,danish,,,Østærland,,,,,,,,,,x
d_finland,finnish,,,Suomi,,,,,,,,,,x
d_finland,gothic,,,Österland,,,,,,,,,,x
d_finland,karelian,,,Suomi,,,,,,,,,,x
d_finland,khanty,,,Suomi,,,,,,,,,,x
d_finland,komi,,,Suomi,,,,,,,,,,x
d_finland,lappish,,,Suomi,,,,,,,,,,x
d_finland,lettigallish,,,Suomi,,,,,,,,,,x
d_finland,lithuanian,,,Suomi,,,,,,,,,,x
d_finland,livonian,,,Suomi,,,,,,,,,,x
d_finland,mari,,,Suomi,,,,,,,,,,x
d_finland,mordvin,,,Suomi,,,,,,,,,,x
d_finland,norse,,,Finlandi,,,,,,,,,,x
d_finland,norwegian,,,Finlandi,,,,,,,,,,x
d_finland,prussian,,,Suomi,,,,,,,,,,x
d_finland,samoyed,,,Suomi,,,,,,,,,,x
d_finland,swedish,,,Österland,,,,,,,,,,x
d_finland,ugricbaltic,,,Suomi,,,,,,,,,,x
d_finland,vepsian,,,Suomi,,,,,,,,,,x
c_finland,PROV382,,,Finland,,,,,,,,,,x
c_finland,c_finland,,,,,,,,,,,,,x
c_finland,c_finland_adj,,,Finlander,,,,,,,,,,x
c_finland,finnish,,,Suomi,,,,,,,,,,x
c_finland,karelian,,,Suomi,,,,,,,,,,x
c_finland,khanty,,,Suomi,,,,,,,,,,x
c_finland,komi,,,Suomi,,,,,,,,,,x
c_finland,lappish,,,Suomi,,,,,,,,,,x
c_finland,lettigallish,,,Suomi,,,,,,,,,,x
c_finland,lithuanian,,,Suomi,,,,,,,,,,x
c_finland,livonian,,,Suomi,,,,,,,,,,x
c_finland,mari,,,Suomi,,,,,,,,,,x
c_finland,mordvin,,,Suomi,,,,,,,,,,x
c_finland,prussian,,,Suomi,,,,,,,,,,x
c_finland,samoyed,,,Suomi,,,,,,,,,,x
c_finland,ugricbaltic,,,Suomi,,,,,,,,,,x
c_finland,vepsian,,,Suomi,,,,,,,,,,x
b_lieto,b_lieto,,,Lieto,,,,,,,,,,x
b_lieto,b_lieto_adj,,,,,,,,,,,,,x
b_kuusisto,b_kuusisto,,,Kustö,,,,,,,,,,x
b_kuusisto,b_kuusisto_adj,,,,,,,,,,,,,x
b_kuusisto,finnish,,,Kuusisto,,,,,,,,,,x
b_kuusisto,karelian,,,Kuusisto,,,,,,,,,,x
b_kuusisto,khanty,,,Kuusisto,,,,,,,,,,x
b_kuusisto,komi,,,Kuusisto,,,,,,,,,,x
b_kuusisto,lappish,,,Kuusisto,,,,,,,,,,x
b_kuusisto,lettigallish,,,Kuusisto,,,,,,,,,,x
b_kuusisto,lithuanian,,,Kuusisto,,,,,,,,,,x
b_kuusisto,livonian,,,Kuusisto,,,,,,,,,,x
b_kuusisto,mari,,,Kuusisto,,,,,,,,,,x
b_kuusisto,mordvin,,,Kuusisto,,,,,,,,,,x
b_kuusisto,prussian,,,Kuusisto,,,,,,,,,,x
b_kuusisto,samoyed,,,Kuusisto,,,,,,,,,,x
b_kuusisto,ugricbaltic,,,Kuusisto,,,,,,,,,,x
b_kuusisto,vepsian,,,Kuusisto,,,,,,,,,,x
b_naantali,b_naantali,,,Nådendal,,,,,,,,,,x
b_naantali,b_naantali_adj,,,,,,,,,,,,,x
b_naantali,finnish,,,Naantali,,,,,,,,,,x
b_naantali,karelian,,,Naantali,,,,,,,,,,x
b_naantali,khanty,,,Naantali,,,,,,,,,,x
b_naantali,komi,,,Naantali,,,,,,,,,,x
b_naantali,lappish,,,Naantali,,,,,,,,,,x
b_naantali,lettigallish,,,Naantali,,,,,,,,,,x
b_naantali,lithuanian,,,Naantali,,,,,,,,,,x
b_naantali,livonian,,,Naantali,,,,,,,,,,x
b_naantali,mari,,,Naantali,,,,,,,,,,x
b_naantali,mordvin,,,Naantali,,,,,,,,,,x
b_naantali,prussian,,,Naantali,,,,,,,,,,x
b_naantali,samoyed,,,Naantali,,,,,,,,,,x
b_naantali,ugricbaltic,,,Naantali,,,,,,,,,,x
b_naantali,vepsian,,,Naantali,,,,,,,,,,x
b_turku,b_turku,,,Åbo,,,,,,,,,,x
b_turku,b_turku_adj,,,,,,,,,,,,,x
b_turku,finnish,,,Turku,,,,,,,,,,x
b_turku,karelian,,,Turku,,,,,,,,,,x
b_turku,khanty,,,Turku,,,,,,,,,,x
b_turku,komi,,,Turku,,,,,,,,,,x
b_turku,lappish,,,Turku,,,,,,,,,,x
b_turku,lettigallish,,,Turku,,,,,,,,,,x
b_turku,lithuanian,,,Turku,,,,,,,,,,x
b_turku,livonian,,,Turku,,,,,,,,,,x
b_turku,mari,,,Turku,,,,,,,,,,x
b_turku,mordvin,,,Turku,,,,,,,,,,x
b_turku,prussian,,,Turku,,,,,,,,,,x
b_turku,samoyed,,,Turku,,,,,,,,,,x
b_turku,ugricbaltic,,,Turku,,,,,,,,,,x
b_turku,vepsian,,,Turku,,,,,,,,,,x
b_stenberga,b_stenberga,,,Stenberga,,,,,,,,,,x
b_stenberga,b_stenberga_adj,,,,,,,,,,,,,x
b_stenberga,finnish,,,Teinperi,,,,,,,,,,x
b_stenberga,karelian,,,Teinperi,,,,,,,,,,x
b_stenberga,khanty,,,Teinperi,,,,,,,,,,x
b_stenberga,komi,,,Teinperi,,,,,,,,,,x
b_stenberga,lappish,,,Teinperi,,,,,,,,,,x
b_stenberga,lettigallish,,,Teinperi,,,,,,,,,,x
b_stenberga,lithuanian,,,Teinperi,,,,,,,,,,x
b_stenberga,livonian,,,Teinperi,,,,,,,,,,x
b_stenberga,mari,,,Teinperi,,,,,,,,,,x
b_stenberga,mordvin,,,Teinperi,,,,,,,,,,x
b_stenberga,prussian,,,Teinperi,,,,,,,,,,x
b_stenberga,samoyed,,,Teinperi,,,,,,,,,,x
b_stenberga,ugricbaltic,,,Teinperi,,,,,,,,,,x
b_stenberga,vepsian,,,Teinperi,,,,,,,,,,x
c_nyland,PROV381,,,Nyland,,,,,,,,,,x
c_nyland,c_nyland,,,,,,,,,,,,,x
c_nyland,c_nyland_adj,,,Nylander,,,,,,,,,,x
c_nyland,finnish,,,Uusimaa,,,,,,,,,,x
c_nyland,karelian,,,Uusimaa,,,,,,,,,,x
c_nyland,khanty,,,Uusimaa,,,,,,,,,,x
c_nyland,komi,,,Uusimaa,,,,,,,,,,x
c_nyland,lappish,,,Uusimaa,,,,,,,,,,x
c_nyland,lettigallish,,,Uusimaa,,,,,,,,,,x
c_nyland,lithuanian,,,Uusimaa,,,,,,,,,,x
c_nyland,livonian,,,Uusimaa,,,,,,,,,,x
c_nyland,mari,,,Uusimaa,,,,,,,,,,x
c_nyland,mordvin,,,Uusimaa,,,,,,,,,,x
c_nyland,prussian,,,Uusimaa,,,,,,,,,,x
c_nyland,samoyed,,,Uusimaa,,,,,,,,,,x
c_nyland,ugricbaltic,,,Uusimaa,,,,,,,,,,x
c_nyland,vepsian,,,Uusimaa,,,,,,,,,,x
b_porvoo,b_porvoo,,,Borgå,,,,,,,,,,x
b_porvoo,b_porvoo_adj,,,,,,,,,,,,,x
b_porvoo,finnish,,,Porvoo,,,,,,,,,,x
b_porvoo,karelian,,,Porvoo,,,,,,,,,,x
b_porvoo,khanty,,,Porvoo,,,,,,,,,,x
b_porvoo,komi,,,Porvoo,,,,,,,,,,x
b_porvoo,lappish,,,Porvoo,,,,,,,,,,x
b_porvoo,lettigallish,,,Porvoo,,,,,,,,,,x
b_porvoo,lithuanian,,,Porvoo,,,,,,,,,,x
b_porvoo,livonian,,,Porvoo,,,,,,,,,,x
b_porvoo,mari,,,Porvoo,,,,,,,,,,x
b_porvoo,mordvin,,,Porvoo,,,,,,,,,,x
b_porvoo,prussian,,,Porvoo,,,,,,,,,,x
b_porvoo,samoyed,,,Porvoo,,,,,,,,,,x
b_porvoo,ugricbaltic,,,Porvoo,,,,,,,,,,x
b_porvoo,vepsian,,,Porvoo,,,,,,,,,,x
b_lohja,b_lohja,,,Lojo,,,,,,,,,,x
b_lohja,b_lohja_adj,,,,,,,,,,,,,x
b_lohja,finnish,,,Lohja,,,,,,,,,,x
b_lohja,karelian,,,Lohja,,,,,,,,,,x
b_lohja,khanty,,,Lohja,,,,,,,,,,x
b_lohja,komi,,,Lohja,,,,,,,,,,x
b_lohja,lappish,,,Lohja,,,,,,,,,,x
b_lohja,lettigallish,,,Lohja,,,,,,,,,,x
b_lohja,lithuanian,,,Lohja,,,,,,,,,,x
b_lohja,livonian,,,Lohja,,,,,,,,,,x
b_lohja,mari,,,Lohja,,,,,,,,,,x
b_lohja,mordvin,,,Lohja,,,,,,,,,,x
b_lohja,prussian,,,Lohja,,,,,,,,,,x
b_lohja,samoyed,,,Lohja,,,,,,,,,,x
b_lohja,ugricbaltic,,,Lohja,,,,,,,,,,x
b_lohja,vepsian,,,Lohja,,,,,,,,,,x
b_kirkkonummi,b_kirkkonummi,,,Kyrkslätt,,,,,,,,,,x
b_kirkkonummi,b_kirkkonummi_adj,,,,,,,,,,,,,x
b_kirkkonummi,finnish,,,Kirkkonummi,,,,,,,,,,x
b_kirkkonummi,karelian,,,Kirkkonummi,,,,,,,,,,x
b_kirkkonummi,khanty,,,Kirkkonummi,,,,,,,,,,x
b_kirkkonummi,komi,,,Kirkkonummi,,,,,,,,,,x
b_kirkkonummi,lappish,,,Kirkkonummi,,,,,,,,,,x
b_kirkkonummi,lettigallish,,,Kirkkonummi,,,,,,,,,,x
b_kirkkonummi,lithuanian,,,Kirkkonummi,,,,,,,,,,x
b_kirkkonummi,livonian,,,Kirkkonummi,,,,,,,,,,x
b_kirkkonummi,mari,,,Kirkkonummi,,,,,,,,,,x
b_kirkkonummi,mordvin,,,Kirkkonummi,,,,,,,,,,x
b_kirkkonummi,prussian,,,Kirkkonummi,,,,,,,,,,x
b_kirkkonummi,samoyed,,,Kirkkonummi,,,,,,,,,,x
b_kirkkonummi,ugricbaltic,,,Kirkkonummi,,,,,,,,,,x
b_kirkkonummi,vepsian,,,Kirkkonummi,,,,,,,,,,x
b_raseborg,b_raseborg,,,Raseborg,,,,,,,,,,x
b_raseborg,b_raseborg_adj,,,,,,,,,,,,,x
b_raseborg,finnish,,,Raaseporin,,,,,,,,,,x
b_raseborg,karelian,,,Raaseporin,,,,,,,,,,x
b_raseborg,khanty,,,Raaseporin,,,,,,,,,,x
b_raseborg,komi,,,Raaseporin,,,,,,,,,,x
b_raseborg,lappish,,,Raaseporin,,,,,,,,,,x
b_raseborg,lettigallish,,,Raaseporin,,,,,,,,,,x
b_raseborg,lithuanian,,,Raaseporin,,,,,,,,,,x
b_raseborg,livonian,,,Raaseporin,,,,,,,,,,x
b_raseborg,mari,,,Raaseporin,,,,,,,,,,x
b_raseborg,mordvin,,,Raaseporin,,,,,,,,,,x
b_raseborg,prussian,,,Raaseporin,,,,,,,,,,x
b_raseborg,samoyed,,,Raaseporin,,,,,,,,,,x
b_raseborg,ugricbaltic,,,Raaseporin,,,,,,,,,,x
b_raseborg,vepsian,,,Raaseporin,,,,,,,,,,x
b_jukarsborg,b_jukarsborg,,,Jukarsborg,,,,,,,,,,x
b_jukarsborg,b_jukarsborg_adj,,,,,,,,,,,,,x
b_jukarsborg,danish,,,Junkarsburgh,,,,,,,,,,x
b_jukarsborg,finnish,,,Junkarsborg,,,,,,,,,,x
b_jukarsborg,karelian,,,Junkarsborg,,,,,,,,,,x
b_jukarsborg,khanty,,,Junkarsborg,,,,,,,,,,x
b_jukarsborg,komi,,,Junkarsborg,,,,,,,,,,x
b_jukarsborg,lappish,,,Junkarsborg,,,,,,,,,,x
b_jukarsborg,lettigallish,,,Junkarsborg,,,,,,,,,,x
b_jukarsborg,lithuanian,,,Junkarsborg,,,,,,,,,,x
b_jukarsborg,livonian,,,Junkarsborg,,,,,,,,,,x
b_jukarsborg,mari,,,Junkarsborg,,,,,,,,,,x
b_jukarsborg,mordvin,,,Junkarsborg,,,,,,,,,,x
b_jukarsborg,prussian,,,Junkarsborg,,,,,,,,,,x
b_jukarsborg,samoyed,,,Junkarsborg,,,,,,,,,,x
b_jukarsborg,ugricbaltic,,,Junkarsborg,,,,,,,,,,x
b_jukarsborg,vepsian,,,Junkarsborg,,,,,,,,,,x
c_tavasts,PROV383,,,Tavastland,,,,,,,,,,x
c_tavasts,c_tavasts,,,,,,,,,,,,,x
c_tavasts,c_tavasts_adj,,,Tavastian,,,,,,,,,,x
c_tavasts,finnish,,,Häme,,,,,,,,,,x
c_tavasts,karelian,,,Häme,,,,,,,,,,x
c_tavasts,khanty,,,Häme,,,,,,,,,,x
c_tavasts,komi,,,Häme,,,,,,,,,,x
c_tavasts,lappish,,,Häme,,,,,,,,,,x
c_tavasts,lettigallish,,,Häme,,,,,,,,,,x
c_tavasts,lithuanian,,,Häme,,,,,,,,,,x
c_tavasts,livonian,,,Häme,,,,,,,,,,x
c_tavasts,mari,,,Häme,,,,,,,,,,x
c_tavasts,mordvin,,,Häme,,,,,,,,,,x
c_tavasts,prussian,,,Häme,,,,,,,,,,x
c_tavasts,russian,,,Yam,,,,,,,,,,x
c_tavasts,samoyed,,,Häme,,,,,,,,,,x
c_tavasts,ugricbaltic,,,Häme,,,,,,,,,,x
c_tavasts,vepsian,,,Häme,,,,,,,,,,x
b_harviala,b_harviala,,,Harviala,,,,,,,,,,x
b_harviala,b_harviala_adj,,,,,,,,,,,,,x
b_hakoisten,b_hakoisten,,,Hagaborg,,,,,,,,,,x
b_hakoisten,b_hakoisten_adj,,,,,,,,,,,,,x
b_hakoisten,danish,,,Hagaburgh,,,,,,,,,,x
b_hakoisten,finnish,,,Hakoisten,,,,,,,,,,x
b_hakoisten,karelian,,,Hakoisten,,,,,,,,,,x
b_hakoisten,khanty,,,Hakoisten,,,,,,,,,,x
b_hakoisten,komi,,,Hakoisten,,,,,,,,,,x
b_hakoisten,lappish,,,Hakoisten,,,,,,,,,,x
b_hakoisten,lettigallish,,,Hakoisten,,,,,,,,,,x
b_hakoisten,lithuanian,,,Hakoisten,,,,,,,,,,x
b_hakoisten,livonian,,,Hakoisten,,,,,,,,,,x
b_hakoisten,mari,,,Hakoisten,,,,,,,,,,x
b_hakoisten,mordvin,,,Hakoisten,,,,,,,,,,x
b_hakoisten,prussian,,,Hakoisten,,,,,,,,,,x
b_hakoisten,samoyed,,,Hakoisten,,,,,,,,,,x
b_hakoisten,ugricbaltic,,,Hakoisten,,,,,,,,,,x
b_hakoisten,vepsian,,,Hakoisten,,,,,,,,,,x
b_vanaja,b_vanaja,,,Vanaja,,,,,,,,,,x
b_vanaja,b_vanaja_adj,,,,,,,,,,,,,x
b_vanaja,russian,,,Vanai,,,,,,,,,,x
b_holoola,b_holoola,,,Hollola,,,,,,,,,,x
b_holoola,b_holoola_adj,,,,,,,,,,,,,x
b_hameenlinna,b_hameenlinna,,,Tauestahus,,,,,,,,,,x
b_hameenlinna,b_hameenlinna_adj,,,,,,,,,,,,,x
b_hameenlinna,finnish,,,Hämeenlinna,,,,,,,,,,x
b_hameenlinna,karelian,,,Hämeenlinna,,,,,,,,,,x
b_hameenlinna,khanty,,,Hämeenlinna,,,,,,,,,,x
b_hameenlinna,komi,,,Hämeenlinna,,,,,,,,,,x
b_hameenlinna,lappish,,,Hämeenlinna,,,,,,,,,,x
b_hameenlinna,lettigallish,,,Hämeenlinna,,,,,,,,,,x
b_hameenlinna,lithuanian,,,Hämeenlinna,,,,,,,,,,x
b_hameenlinna,livonian,,,Hämeenlinna,,,,,,,,,,x
b_hameenlinna,mari,,,Hämeenlinna,,,,,,,,,,x
b_hameenlinna,mordvin,,,Hämeenlinna,,,,,,,,,,x
b_hameenlinna,norse,,,Taffwestaborg,,,,,,,,,,x
b_hameenlinna,prussian,,,Hämeenlinna,,,,,,,,,,x
b_hameenlinna,samoyed,,,Hämeenlinna,,,,,,,,,,x
b_hameenlinna,ugricbaltic,,,Hämeenlinna,,,,,,,,,,x
b_hameenlinna,vepsian,,,Hämeenlinna,,,,,,,,,,x
c_satakunta,PROV384,,,Satakunda,,,,,,,,,,x
c_satakunta,c_satakunta,,,,,,,,,,,,,x
c_satakunta,c_satakunta_adj,,,Satakuntan,,,,,,,,,,x
c_satakunta,finnish,,,Satakunta,,,,,,,,,,x
c_satakunta,karelian,,,Satakunta,,,,,,,,,,x
c_satakunta,khanty,,,Satakunta,,,,,,,,,,x
c_satakunta,komi,,,Satakunta,,,,,,,,,,x
c_satakunta,lappish,,,Satakunta,,,,,,,,,,x
c_satakunta,lettigallish,,,Satakunta,,,,,,,,,,x
c_satakunta,lithuanian,,,Satakunta,,,,,,,,,,x
c_satakunta,livonian,,,Satakunta,,,,,,,,,,x
c_satakunta,mari,,,Satakunta,,,,,,,,,,x
c_satakunta,mordvin,,,Satakunta,,,,,,,,,,x
c_satakunta,prussian,,,Satakunta,,,,,,,,,,x
c_satakunta,samoyed,,,Satakunta,,,,,,,,,,x
c_satakunta,ugricbaltic,,,Satakunta,,,,,,,,,,x
c_satakunta,vepsian,,,Satakunta,,,,,,,,,,x
b_pori,b_pori,,,Björneborg,,,,,,,,,,x
b_pori,b_pori_adj,,,,,,,,,,,,,x
b_pori,finnish,,,Pori,,,,,,,,,,x
b_pori,karelian,,,Pori,,,,,,,,,,x
b_pori,khanty,,,Pori,,,,,,,,,,x
b_pori,komi,,,Pori,,,,,,,,,,x
b_pori,lappish,,,Pori,,,,,,,,,,x
b_pori,lettigallish,,,Pori,,,,,,,,,,x
b_pori,lithuanian,,,Pori,,,,,,,,,,x
b_pori,livonian,,,Pori,,,,,,,,,,x
b_pori,mari,,,Pori,,,,,,,,,,x
b_pori,mordvin,,,Pori,,,,,,,,,,x
b_pori,prussian,,,Pori,,,,,,,,,,x
b_pori,samoyed,,,Pori,,,,,,,,,,x
b_pori,ugricbaltic,,,Pori,,,,,,,,,,x
b_pori,vepsian,,,Pori,,,,,,,,,,x
b_liinmaa,b_liinmaa,,,Vreghdenborch,,,,,,,,,,x
b_liinmaa,b_liinmaa_adj,,,,,,,,,,,,,x
b_liinmaa,finnish,,,Liinmaa,,,,,,,,,,x
b_liinmaa,karelian,,,Liinmaa,,,,,,,,,,x
b_liinmaa,khanty,,,Liinmaa,,,,,,,,,,x
b_liinmaa,komi,,,Liinmaa,,,,,,,,,,x
b_liinmaa,lappish,,,Liinmaa,,,,,,,,,,x
b_liinmaa,lettigallish,,,Liinmaa,,,,,,,,,,x
b_liinmaa,lithuanian,,,Liinmaa,,,,,,,,,,x
b_liinmaa,livonian,,,Liinmaa,,,,,,,,,,x
b_liinmaa,mari,,,Liinmaa,,,,,,,,,,x
b_liinmaa,mordvin,,,Liinmaa,,,,,,,,,,x
b_liinmaa,prussian,,,Liinmaa,,,,,,,,,,x
b_liinmaa,samoyed,,,Liinmaa,,,,,,,,,,x
b_liinmaa,ugricbaltic,,,Liinmaa,,,,,,,,,,x
b_liinmaa,vepsian,,,Liinmaa,,,,,,,,,,x
b_ulvila,b_ulvila,,,Ulvsby,,,,,,,,,,x
b_ulvila,b_ulvila_adj,,,,,,,,,,,,,x
b_ulvila,finnish,,,Ulvila,,,,,,,,,,x
b_ulvila,karelian,,,Ulvila,,,,,,,,,,x
b_ulvila,khanty,,,Ulvila,,,,,,,,,,x
b_ulvila,komi,,,Ulvila,,,,,,,,,,x
b_ulvila,lappish,,,Ulvila,,,,,,,,,,x
b_ulvila,lettigallish,,,Ulvila,,,,,,,,,,x
b_ulvila,lithuanian,,,Ulvila,,,,,,,,,,x
b_ulvila,livonian,,,Ulvila,,,,,,,,,,x
b_ulvila,mari,,,Ulvila,,,,,,,,,,x
b_ulvila,mordvin,,,Ulvila,,,,,,,,,,x
b_ulvila,prussian,,,Ulvila,,,,,,,,,,x
b_ulvila,samoyed,,,Ulvila,,,,,,,,,,x
b_ulvila,ugricbaltic,,,Ulvila,,,,,,,,,,x
b_ulvila,vepsian,,,Ulvila,,,,,,,,,,x
c_savolaks,PROV390,,,Savolax,,,,,,,,,,x
c_savolaks,c_savolaks,,,,,,,,,,,,,x
c_savolaks,c_savolaks_adj,,,Savolaksian,,,,,,,,,,x
c_savolaks,finnish,,,Savo,,,,,,,,,,x
c_savolaks,karelian,,,Savo,,,,,,,,,,x
c_savolaks,khanty,,,Savo,,,,,,,,,,x
c_savolaks,komi,,,Savo,,,,,,,,,,x
c_savolaks,lappish,,,Savo,,,,,,,,,,x
c_savolaks,lettigallish,,,Savo,,,,,,,,,,x
c_savolaks,lithuanian,,,Savo,,,,,,,,,,x
c_savolaks,livonian,,,Savo,,,,,,,,,,x
c_savolaks,mari,,,Savo,,,,,,,,,,x
c_savolaks,mordvin,,,Savo,,,,,,,,,,x
c_savolaks,prussian,,,Savo,,,,,,,,,,x
c_savolaks,samoyed,,,Savo,,,,,,,,,,x
c_savolaks,ugricbaltic,,,Savo,,,,,,,,,,x
c_savolaks,vepsian,,,Savo,,,,,,,,,,x
b_ristiina,b_ristiina,,,Kristina,,,,,,,,,,x
b_ristiina,b_ristiina_adj,,,,,,,,,,,,,x
b_ristiina,finnish,,,Ristiina,,,,,,,,,,x
b_ristiina,karelian,,,Ristiina,,,,,,,,,,x
b_ristiina,khanty,,,Ristiina,,,,,,,,,,x
b_ristiina,komi,,,Ristiina,,,,,,,,,,x
b_ristiina,lappish,,,Ristiina,,,,,,,,,,x
b_ristiina,lettigallish,,,Ristiina,,,,,,,,,,x
b_ristiina,lithuanian,,,Ristiina,,,,,,,,,,x
b_ristiina,livonian,,,Ristiina,,,,,,,,,,x
b_ristiina,mari,,,Ristiina,,,,,,,,,,x
b_ristiina,mordvin,,,Ristiina,,,,,,,,,,x
b_ristiina,prussian,,,Ristiina,,,,,,,,,,x
b_ristiina,samoyed,,,Ristiina,,,,,,,,,,x
b_ristiina,ugricbaltic,,,Ristiina,,,,,,,,,,x
b_ristiina,vepsian,,,Ristiina,,,,,,,,,,x
b_kuopio,b_kuopio,,,Kuopio,,,,,,,,,,x
b_kuopio,b_kuopio_adj,,,,,,,,,,,,,x
b_olavinlinna,b_olavinlinna,,,Olofsborg,,,,,,,,,,x
b_olavinlinna,b_olavinlinna_adj,,,,,,,,,,,,,x
b_olavinlinna,danish,,,Olofsburgh,,,,,,,,,,x
b_olavinlinna,finnish,,,Olavinlinna,,,,,,,,,,x
b_olavinlinna,karelian,,,Olavinlinna,,,,,,,,,,x
b_olavinlinna,khanty,,,Olavinlinna,,,,,,,,,,x
b_olavinlinna,komi,,,Olavinlinna,,,,,,,,,,x
b_olavinlinna,lappish,,,Olavinlinna,,,,,,,,,,x
b_olavinlinna,lettigallish,,,Olavinlinna,,,,,,,,,,x
b_olavinlinna,lithuanian,,,Olavinlinna,,,,,,,,,,x
b_olavinlinna,livonian,,,Olavinlinna,,,,,,,,,,x
b_olavinlinna,mari,,,Olavinlinna,,,,,,,,,,x
b_olavinlinna,mordvin,,,Olavinlinna,,,,,,,,,,x
b_olavinlinna,prussian,,,Olavinlinna,,,,,,,,,,x
b_olavinlinna,samoyed,,,Olavinlinna,,,,,,,,,,x
b_olavinlinna,ugricbaltic,,,Olavinlinna,,,,,,,,,,x
b_olavinlinna,vepsian,,,Olavinlinna,,,,,,,,,,x
d_viipuri,d_viipuri,,,Viipuri,,,,,,,,,,x
d_viipuri,d_viipuri_adj,,,Viipuriesko,,,,,,,,,,x
d_viipuri,d_viipuri_adj_bohemian,,,Korela,,,,,,,,,,x
d_viipuri,d_viipuri_adj_bosnian,,,Korela,,,,,,,,,,x
d_viipuri,d_viipuri_adj_bulgarian,,,Korela,,,,,,,,,,x
d_viipuri,d_viipuri_adj_croatian,,,Korela,,,,,,,,,,x
d_viipuri,finnish,,,Viipurii,,,,,,,,,,x
d_viipuri,d_viipuri_adj_karantanci,,,Korela,,,,,,,,,,x
d_viipuri,karelian,,,Viipurii,,,,,,,,,,x
d_viipuri,khanty,,,Viipurii,,,,,,,,,,x
d_viipuri,komi,,,Viipurii,,,,,,,,,,x
d_viipuri,lappish,,,Viipurii,,,,,,,,,,x
d_viipuri,lettigallish,,,Viipurii,,,,,,,,,,x
d_viipuri,lithuanian,,,Viipurii,,,,,,,,,,x
d_viipuri,livonian,,,Viipurii,,,,,,,,,,x
d_viipuri,mari,,,Viipurii,,,,,,,,,,x
d_viipuri,d_viipuri_adj_moravian,,,Korela,,,,,,,,,,x
d_viipuri,mordvin,,,Viipurii,,,,,,,,,,x
d_viipuri,d_viipuri_adj_polish,,,Korela,,,,,,,,,,x
d_viipuri,d_viipuri_adj_pommeranian,,,Korela,,,,,,,,,,x
d_viipuri,prussian,,,Viipurii,,,,,,,,,,x
d_viipuri,russian,,,Vyborg,,,,,,,,,,x
d_viipuri,d_viipuri_adj_russian,,,Korela,,,,,,,,,,x
d_viipuri,samoyed,,,Viipurii,,,,,,,,,,x
d_viipuri,d_viipuri_adj_serbian,,,Korela,,,,,,,,,,x
d_viipuri,ugricbaltic,,,Viipurii,,,,,,,,,,x
d_viipuri,vepsian,,,Viipurii,,,,,,,,,,x
c_viipuri,PROV1296,,,Viipuri,,,,,,,,,,x
c_viipuri,c_viipuri,,,,,,,,,,,,,x
c_viipuri,c_viipuri_adj,,,Viipuri,,,,,,,,,,x
b_virolahti,b_virolahti,,,Vederlax,,,,,,,,,,x
b_virolahti,b_virolahti_adj,,,,,,,,,,,,,x
b_virolahti,finnish,,,Virolahti,,,,,,,,,,x
b_virolahti,karelian,,,Virolahti,,,,,,,,,,x
b_virolahti,khanty,,,Virolahti,,,,,,,,,,x
b_virolahti,komi,,,Virolahti,,,,,,,,,,x
b_virolahti,lappish,,,Virolahti,,,,,,,,,,x
b_virolahti,lettigallish,,,Virolahti,,,,,,,,,,x
b_virolahti,lithuanian,,,Virolahti,,,,,,,,,,x
b_virolahti,livonian,,,Virolahti,,,,,,,,,,x
b_virolahti,mari,,,Virolahti,,,,,,,,,,x
b_virolahti,mordvin,,,Virolahti,,,,,,,,,,x
b_virolahti,prussian,,,Virolahti,,,,,,,,,,x
b_virolahti,russian,,,Virolahti,,,,,,,,,,x
b_virolahti,samoyed,,,Virolahti,,,,,,,,,,x
b_virolahti,ugricbaltic,,,Virolahti,,,,,,,,,,x
b_virolahti,vepsian,,,Virolahti,,,,,,,,,,x
b_koivisto,b_koivisto,,,Björkö,,,,,,,,,,x
b_koivisto,b_koivisto_adj,,,,,,,,,,,,,x
b_koivisto,finnish,,,Koivisto,,,,,,,,,,x
b_koivisto,karelian,,,Koivisto,,,,,,,,,,x
b_koivisto,khanty,,,Koivisto,,,,,,,,,,x
b_koivisto,komi,,,Koivisto,,,,,,,,,,x
b_koivisto,lappish,,,Koivisto,,,,,,,,,,x
b_koivisto,lettigallish,,,Koivisto,,,,,,,,,,x
b_koivisto,lithuanian,,,Koivisto,,,,,,,,,,x
b_koivisto,livonian,,,Koivisto,,,,,,,,,,x
b_koivisto,mari,,,Koivisto,,,,,,,,,,x
b_koivisto,mordvin,,,Koivisto,,,,,,,,,,x
b_koivisto,prussian,,,Koivisto,,,,,,,,,,x
b_koivisto,russian,,,Beryozovskoye,,,,,,,,,,x
b_koivisto,samoyed,,,Koivisto,,,,,,,,,,x
b_koivisto,ugricbaltic,,,Koivisto,,,,,,,,,,x
b_koivisto,vepsian,,,Koivisto,,,,,,,,,,x
b_viipuri,b_viipuri,,,Viborg,,,,,,,,,,x
b_viipuri,b_viipuri_adj,,,,,,,,,,,,,x
b_viipuri,finnish,,,Viipurii,,,,,,,,,,x
b_viipuri,karelian,,,Viipurii,,,,,,,,,,x
b_viipuri,khanty,,,Viipurii,,,,,,,,,,x
b_viipuri,komi,,,Viipurii,,,,,,,,,,x
b_viipuri,lappish,,,Viipurii,,,,,,,,,,x
b_viipuri,lettigallish,,,Viipurii,,,,,,,,,,x
b_viipuri,lithuanian,,,Viipurii,,,,,,,,,,x
b_viipuri,livonian,,,Viipurii,,,,,,,,,,x
b_viipuri,mari,,,Viipurii,,,,,,,,,,x
b_viipuri,mordvin,,,Viipurii,,,,,,,,,,x
b_viipuri,prussian,,,Viipurii,,,,,,,,,,x
b_viipuri,russian,,,Vyborg,,,,,,,,,,x
b_viipuri,samoyed,,,Viipurii,,,,,,,,,,x
b_viipuri,ugricbaltic,,,Viipurii,,,,,,,,,,x
b_viipuri,vepsian,,,Viipurii,,,,,,,,,,x
c_kexholm,PROV392,,,Kexholm,,,,,,,,,,x
c_kexholm,c_kexholm,,,,,,,,,,,,,x
c_kexholm,c_kexholm_adj,,,Kexholmian,,,,,,,,,,x
c_kexholm,finnish,,,Käkisalmi,,,,,,,,,,x
c_kexholm,karelian,,,Käkisalmi,,,,,,,,,,x
c_kexholm,khanty,,,Käkisalmi,,,,,,,,,,x
c_kexholm,komi,,,Käkisalmi,,,,,,,,,,x
c_kexholm,lappish,,,Käkisalmi,,,,,,,,,,x
c_kexholm,lettigallish,,,Käkisalmi,,,,,,,,,,x
c_kexholm,lithuanian,,,Käkisalmi,,,,,,,,,,x
c_kexholm,livonian,,,Käkisalmi,,,,,,,,,,x
c_kexholm,mari,,,Käkisalmi,,,,,,,,,,x
c_kexholm,mordvin,,,Käkisalmi,,,,,,,,,,x
c_kexholm,prussian,,,Käkisalmi,,,,,,,,,,x
c_kexholm,russian,,,Korela,,,,,,,,,,x
c_kexholm,samoyed,,,Käkisalmi,,,,,,,,,,x
c_kexholm,ugricbaltic,,,Käkisalmi,,,,,,,,,,x
c_kexholm,vepsian,,,Käkisalmi,,,,,,,,,,x
b_nurmes,b_nurmes,,,Nurmes,,,,,,,,,,x
b_nurmes,b_nurmes_adj,,,,,,,,,,,,,x
b_sortavala,b_sortavala,,,Sordavala,,,,,,,,,,x
b_sortavala,b_sortavala_adj,,,,,,,,,,,,,x
b_sortavala,finnish,,,Sortavala,,,,,,,,,,x
b_sortavala,karelian,,,Sortavala,,,,,,,,,,x
b_sortavala,khanty,,,Sortavala,,,,,,,,,,x
b_sortavala,komi,,,Sortavala,,,,,,,,,,x
b_sortavala,lappish,,,Sortavala,,,,,,,,,,x
b_sortavala,lettigallish,,,Sortavala,,,,,,,,,,x
b_sortavala,lithuanian,,,Sortavala,,,,,,,,,,x
b_sortavala,livonian,,,Sortavala,,,,,,,,,,x
b_sortavala,mari,,,Sortavala,,,,,,,,,,x
b_sortavala,mordvin,,,Sortavala,,,,,,,,,,x
b_sortavala,prussian,,,Sortavala,,,,,,,,,,x
b_sortavala,russian,,,Serdovol,,,,,,,,,,x
b_sortavala,samoyed,,,Sortavala,,,,,,,,,,x
b_sortavala,ugricbaltic,,,Sortavala,,,,,,,,,,x
b_sortavala,vepsian,,,Sortavala,,,,,,,,,,x
b_kakisalmi,b_kakisalmi,,,Keksholm,,,,,,,,,,x
b_kakisalmi,b_kakisalmi_adj,,,,,,,,,,,,,x
b_kakisalmi,finnish,,,Käkisalmi,,,,,,,,,,x
b_kakisalmi,karelian,,,Käkisalmi,,,,,,,,,,x
b_kakisalmi,khanty,,,Käkisalmi,,,,,,,,,,x
b_kakisalmi,komi,,,Käkisalmi,,,,,,,,,,x
b_kakisalmi,lappish,,,Käkisalmi,,,,,,,,,,x
b_kakisalmi,lettigallish,,,Käkisalmi,,,,,,,,,,x
b_kakisalmi,lithuanian,,,Käkisalmi,,,,,,,,,,x
b_kakisalmi,livonian,,,Käkisalmi,,,,,,,,,,x
b_kakisalmi,mari,,,Käkisalmi,,,,,,,,,,x
b_kakisalmi,mordvin,,,Käkisalmi,,,,,,,,,,x
b_kakisalmi,prussian,,,Käkisalmi,,,,,,,,,,x
b_kakisalmi,russian,,,Korela,,,,,,,,,,x
b_kakisalmi,samoyed,,,Käkisalmi,,,,,,,,,,x
b_kakisalmi,ugricbaltic,,,Käkisalmi,,,,,,,,,,x
b_kakisalmi,vepsian,,,Käkisalmi,,,,,,,,,,x
d_norrland,d_norrland,,,Norrland,,,,,,,,,,x
d_norrland,d_norrland_adj,,,Norrlander,,,,,,,,,,x
d_norrland,finnish,,,Norlanti,,,,,,,,,,x
d_norrland,karelian,,,Norlanti,,,,,,,,,,x
d_norrland,khanty,,,Norlanti,,,,,,,,,,x
d_norrland,komi,,,Norlanti,,,,,,,,,,x
d_norrland,lappish,,,Norlanti,,,,,,,,,,x
d_norrland,lettigallish,,,Norlanti,,,,,,,,,,x
d_norrland,lithuanian,,,Norlanti,,,,,,,,,,x
d_norrland,livonian,,,Norlanti,,,,,,,,,,x
d_norrland,mari,,,Norlanti,,,,,,,,,,x
d_norrland,mordvin,,,Norlanti,,,,,,,,,,x
d_norrland,norse,,,Kænlandi,,,,,,,,,,x
d_norrland,norwegian,,,Kænlandi,,,,,,,,,,x
d_norrland,prussian,,,Norlanti,,,,,,,,,,x
d_norrland,samoyed,,,Norlanti,,,,,,,,,,x
d_norrland,saxon,,,Cwenaland,,,,,,,,,,x
d_norrland,ugricbaltic,,,Norlanti,,,,,,,,,,x
d_norrland,vepsian,,,Norlanti,,,,,,,,,,x
c_vasterbotten,PROV280,,,Norrland,,,,,,,,,,x
c_vasterbotten,c_vasterbotten,,,,,,,,,,,,,x
c_vasterbotten,c_vasterbotten_adj,,,Västerbottnian,,,,,,,,,,x
c_vasterbotten,finnish,,,Norlanti,,,,,,,,,,x
c_vasterbotten,karelian,,,Norlanti,,,,,,,,,,x
c_vasterbotten,khanty,,,Norlanti,,,,,,,,,,x
c_vasterbotten,komi,,,Norlanti,,,,,,,,,,x
c_vasterbotten,lappish,,,Norlanti,,,,,,,,,,x
c_vasterbotten,lettigallish,,,Norlanti,,,,,,,,,,x
c_vasterbotten,lithuanian,,,Norlanti,,,,,,,,,,x
c_vasterbotten,livonian,,,Norlanti,,,,,,,,,,x
c_vasterbotten,mari,,,Norlanti,,,,,,,,,,x
c_vasterbotten,mordvin,,,Norlanti,,,,,,,,,,x
c_vasterbotten,prussian,,,Norlanti,,,,,,,,,,x
c_vasterbotten,samoyed,,,Norlanti,,,,,,,,,,x
c_vasterbotten,ugricbaltic,,,Norlanti,,,,,,,,,,x
c_vasterbotten,vepsian,,,Norlanti,,,,,,,,,,x
b_tornea,b_tornea,,,Torneå,,,,,,,,,,x
b_tornea,b_tornea_adj,,,,,,,,,,,,,x
b_kalix,b_kalix,,,Kalix,,,,,,,,,,x
b_kalix,b_kalix_adj,,,,,,,,,,,,,x
b_umea,b_umea,,,Umeå,,,,,,,,,,x
b_umea,b_umea_adj,,,,,,,,,,,,,x
c_osterbotten,PROV385,,,Österbotten,,,,,,,,,,x
c_osterbotten,c_osterbotten,,,,,,,,,,,,,x
c_osterbotten,c_osterbotten_adj,,,Ostrobothnian,,,,,,,,,,x
c_osterbotten,finnish,,,Pohjanmaa,,,,,,,,,,x
c_osterbotten,karelian,,,Pohjanmaa,,,,,,,,,,x
c_osterbotten,khanty,,,Pohjanmaa,,,,,,,,,,x
c_osterbotten,komi,,,Pohjanmaa,,,,,,,,,,x
c_osterbotten,lappish,,,Pohjanmaa,,,,,,,,,,x
c_osterbotten,lettigallish,,,Pohjanmaa,,,,,,,,,,x
c_osterbotten,lithuanian,,,Pohjanmaa,,,,,,,,,,x
c_osterbotten,livonian,,,Pohjanmaa,,,,,,,,,,x
c_osterbotten,mari,,,Pohjanmaa,,,,,,,,,,x
c_osterbotten,mordvin,,,Pohjanmaa,,,,,,,,,,x
c_osterbotten,prussian,,,Pohjanmaa,,,,,,,,,,x
c_osterbotten,samoyed,,,Pohjanmaa,,,,,,,,,,x
c_osterbotten,ugricbaltic,,,Pohjanmaa,,,,,,,,,,x
c_osterbotten,vepsian,,,Pohjanmaa,,,,,,,,,,x
b_veteli,b_veteli,,,Veteli,,,,,,,,,,x
b_veteli,b_veteli_adj,,,,,,,,,,,,,x
b_nykarleby,b_nykarleby,,,Uusikaarlepyy,,,,,,,,,,x
b_nykarleby,b_nykarleby_adj,,,,,,,,,,,,,x
b_oulu,b_oulu,,,Oulu,,,,,,,,,,x
b_oulu,b_oulu_adj,,,,,,,,,,,,,x
c_kemi,PROV386,,,Kvänland,,,,,,,,,,x
c_kemi,c_kemi,,,,,,,,,,,,,x
c_kemi,c_kemi_adj,,,Kemian,,,,,,,,,,x
c_kemi,finnish,,,Kainuu,,,,,,,,,,x
c_kemi,karelian,,,Kainuu,,,,,,,,,,x
c_kemi,khanty,,,Kainuu,,,,,,,,,,x
c_kemi,komi,,,Kainuu,,,,,,,,,,x
c_kemi,lappish,,,Kainuu,,,,,,,,,,x
c_kemi,lettigallish,,,Kainuu,,,,,,,,,,x
c_kemi,lithuanian,,,Kainuu,,,,,,,,,,x
c_kemi,livonian,,,Kainuu,,,,,,,,,,x
c_kemi,mari,,,Kainuu,,,,,,,,,,x
c_kemi,mordvin,,,Kainuu,,,,,,,,,,x
c_kemi,norse,,,Kænlandi,,,,,,,,,,x
c_kemi,norwegian,,,Kænlandi,,,,,,,,,,x
c_kemi,prussian,,,Kainuu,,,,,,,,,,x
c_kemi,samoyed,,,Kainuu,,,,,,,,,,x
c_kemi,saxon,,,Cwenaland,,,,,,,,,,x
c_kemi,ugricbaltic,,,Kainuu,,,,,,,,,,x
c_kemi,vepsian,,,Kainuu,,,,,,,,,,x
b_savukoski,b_savukoski,,,Savukoski,,,,,,,,,,x
b_savukoski,b_savukoski_adj,,,,,,,,,,,,,x
b_tornio,b_tornio,,,Tornio,,,,,,,,,,x
b_tornio,b_tornio_adj,,,,,,,,,,,,,x
d_karelia,d_karelia,,,Karelia,,,,,,,,,,x
d_karelia,d_karelia_adj,,,Karelian,,,,,,,,,,x
d_karelia,anglonorse,,,Kirialaland,,,,,,,,,,x
d_karelia,danish,,,Kirialaland,,,,,,,,,,x
d_karelia,gothic,,,Kirialaland,,,,,,,,,,x
d_karelia,norse,,,Kirialaland,,,,,,,,,,x
d_karelia,norwegian,,,Kirialaland,,,,,,,,,,x
d_karelia,saxon,,,Kirialaland,,,,,,,,,,x
d_karelia,swedish,,,Kirialaland,,,,,,,,,,x
c_kola,PROV387,,,Olonec,,,,,,,,,,x
c_kola,c_kola,,,,,,,,,,,,,x
c_kola,c_kola_adj,,,Kolaian,,,,,,,,,,x
b_kizhi,b_kizhi,,,Kizhi,,,,,,,,,,x
b_kizhi,b_kizhi_adj,,,,,,,,,,,,,x
b_valaam,b_valaam,,,Valaam,,,,,,,,,,x
b_valaam,b_valaam_adj,,,,,,,,,,,,,x
b_olonec,b_olonec,,,Olonec,,,,,,,,,,x
b_olonec,b_olonec_adj,,,,,,,,,,,,,x
c_karelen,PROV388,,,Karjala,,,,,,,,,,x
c_karelen,c_karelen,,,,,,,,,,,,,x
c_karelen,c_karelen_adj,,,Karelenian,,,,,,,,,,x
b_solovetsky,b_solovetsky,,,Solovetsky,,,,,,,,,,x
b_solovetsky,b_solovetsky_adj,,,,,,,,,,,,,x
b_kem,b_kem,,,Kem,,,,,,,,,,x
b_kem,b_kem_adj,,,,,,,,,,,,,x
c_trans-portage,PROV394,,,Pomorye,,,,,,,,,,x
c_trans-portage,c_trans-portage,,,,,,,,,,,,,x
c_trans-portage,c_trans-portage_adj,,,Pomorye,,,,,,,,,,x
b_spasskij,b_spasskij,,,Spasskij,,,,,,,,,,x
b_spasskij,b_spasskij_adj,,,,,,,,,,,,,x
b_belomorsk,b_belomorsk,,,Soroka,,,,,,,,,,x
b_belomorsk,b_belomorsk_adj,,,,,,,,,,,,,x
b_belomorsk,finnish,,,Šuomua,,,,,,,,,,x
b_belomorsk,karelian,,,Šuomua,,,,,,,,,,x
b_belomorsk,khanty,,,Šuomua,,,,,,,,,,x
b_belomorsk,komi,,,Šuomua,,,,,,,,,,x
b_belomorsk,lappish,,,Šuomua,,,,,,,,,,x
b_belomorsk,livonian,,,Šuomua,,,,,,,,,,x
b_belomorsk,mari,,,Šuomua,,,,,,,,,,x
b_belomorsk,mordvin,,,Šuomua,,,,,,,,,,x
b_belomorsk,samoyed,,,Šuomua,,,,,,,,,,x
b_belomorsk,ugricbaltic,,,Šuomua,,,,,,,,,,x
b_belomorsk,vepsian,,,Šuomua,,,,,,,,,,x
c_kandalax,PROV850,,,Kantalahti,,,,,,,,,,x
c_kandalax,c_kandalax,,,,,,,,,,,,,x
c_kandalax,c_kandalax_adj,,,Kandalaxian,,,,,,,,,,x
b_varzuga,b_varzuga,,,Varzuga,,,,,,,,,,x
b_varzuga,b_varzuga_adj,,,,,,,,,,,,,x
b_kantalahti,b_kantalahti,,,Kandalaksha,,,,,,,,,,x
b_kantalahti,b_kantalahti_adj,,,,,,,,,,,,,x
d_ingria,d_ingria,,,Ingria,,,,,,,,,,x
d_ingria,d_ingria_adj,,,Ingrian,,,,,,,,,,x
d_ingria,d_ingria_adj_bohemian,,,Izhora,,,,,,,,,,x
d_ingria,d_ingria_adj_bosnian,,,Izhora,,,,,,,,,,x
d_ingria,d_ingria_adj_bulgarian,,,Izhora,,,,,,,,,,x
d_ingria,d_ingria_adj_croatian,,,Izhora,,,,,,,,,,x
d_ingria,d_ingria_adj_karantanci,,,Izhora,,,,,,,,,,x
d_ingria,d_ingria_adj_moravian,,,Izhora,,,,,,,,,,x
d_ingria,d_ingria_adj_polish,,,Izhora,,,,,,,,,,x
d_ingria,d_ingria_adj_pommeranian,,,Izhora,,,,,,,,,,x
d_ingria,d_ingria_adj_russian,,,Izhora,,,,,,,,,,x
d_ingria,d_ingria_adj_serbian,,,Izhora,,,,,,,,,,x
c_vodi,PROV411,,,Ingria,,,,,,,,,,x
c_vodi,c_vodi,,,,,,,,,,,,,x
c_vodi,c_vodi_adj,,,Ingrian,,,,,,,,,,x
b_kolin,b_kolin,,,Kolin,,,,,,,,,,x
b_kolin,b_kolin_adj,,,,,,,,,,,,,x
b_noteborg,b_noteborg,,,Nöteborg,,,,,,,,,,x
b_noteborg,b_noteborg_adj,,,,,,,,,,,,,x
b_nyen,b_nyen,,,Nyen,,,,,,,,,,x
b_nyen,b_nyen_adj,,,,,,,,,,,,,x
c_koporje,PROV1268,,,Koporje,,,,,,,,,,x
c_koporje,c_koporje,,,,,,,,,,,,,x
c_koporje,c_koporje_adj,,,Koporjan,,,,,,,,,,x
b_khotchino,b_khotchino,,,Khotchino,,,,,,,,,,x
b_khotchino,b_khotchino_adj,,,,,,,,,,,,,x
b_ivanovskaya,b_ivanovskaya,,,Ivangorod,,,,,,,,,,x
b_ivanovskaya,b_ivanovskaya_adj,,,,,,,,,,,,,x
b_koporje,b_koporje,,,Kopor'e,,,,,,,,,,x
b_koporje,b_koporje_adj,,,,,,,,,,,,,x
